,0,2015.04.25 +AC0- Essential Mix +AC0- Claptone,
70,68.359546485,comment,Vangelis +AC0- Bicycle Riders (Harps Of The Ancient Temple
170,166.269387755,build up, The White Stripes +AC0- In The Cold... Cold Night (Claptone Remix)+//0A4v/9AID//QCJAFs-XL
270,268.27755102,build up filtrado,
290,285.518367346,build up,
330,334.088707482,,Vangelis +AC0- Bicycle Riders (Harps Of The Ancient Temple
460,455.314285714,breakdown,
520,518.791836734,build up,
580,582.913741496,,Metronomy +AC0- Loving Arm (Soul Clap Remix)+//0A4v/9AID//QCJAFs-BECAUSE MUSIC (ED BANGER)
720,723.069387755,comment,
790,787.620861678,intro,  /Artenvielfalt feat. Mylene +AC0- How We Chill+//0A4v/9AID//QCJAFs-OFF REC.+AF0- with Moloko +AC0- The Time Is Now (Acappella)
840,839.575510204,build up ,
930,930.84154195,,Black Light Smoke +AC0- Lovework (DJ T. Remix)+//0A4v/9AID//QCJAFs-GET PHYSICAL+AF0-
980,984.293877551,build up filtrado,
1020,1018.775510204,build up,
1090,1089.38739229,intro, / Loden In NY +AC0- The Magic Room (Dino Lenny Remix)+//0A4v/9AID//QCJAFs-FINE HUMAN+AF0- with Claptone +AC0- Night On Fire (Acappella)+//0A4v/9AID//QCJAFs-EXPLOITED+AF0-
1120,1122.220408163,build up,
1140,1144.685714285,breakdown,
1180,1180.212244897,build up,
1210,1209.991836734,breakdown,
1220,1224.620408163,build up,
1270,1273.469387755,build up filtrado,
1290,1289.914920634,intro, / Metro Area +AC0- Miura+//0A4v/9AID//QCJAFs-ENVIRON with Claptone +AC0- Another Night (Acappella)+//0A4v/9AID//QCJAFs-EXPLOITED
1310,1307.689795918,build up,
1370,1370.906122448,build up filtrado,
1390,1390.497959183,build up,
1450,1454.497959183,,The Magician feat. Newtimers +AC0- When The Night Is Over (Claptone Remix)+//0A4v/9AID//QCJAFs-FREE/PARLOPHONE (WARNER)+AF0- with The Police +AC0- Roxanne (Acappella)
1570,1574.4,build up filtrado,
1620,1615.151020408,build up,
1660,1662.889795918,,Can +AC0- Vitamin C
1750,1746.512108843,crossfade,
1760,1762.858956916,build up filtrado, / Nhan Solo +AC0- Tell You+//0A4v/9AID//QCJAFs-MOTHER+AF0-
1790,1786.514285714,comment,
1810,1807.934693877,build up filtrado,
1820,1822.824489795,drop,
1880,1878.987755102,build up,
1930,1926.513197278,intro, / Claptone +AC0- Control+//0A4v/9AID//QCJAFs-FREE+AF0- with ason Jinx +AC0- Bring Back That Feeling (Acappella)
1960,1958.661224489,build up,
2010,2005.420408163,breakdown,
2020,2019.657142857,,Turntablerocker +AC0- Grow Up+//0A4v/9AID//QCJAFs-JEUDI+AF0- with Daft Punk +AC0- Too Long (Acappella)+//0A4v/9AID//QCJAFs-VIRGIN+AF0-
2070,2069.681632653,build up,
2150,2145.175510204,breakdown,
2200,2198.204081632,drop,
2250,2252.01632653,build up,
2280,2276.205714285,,Noel Nanton +AC0- Your Love (Ian Pooley Summertime Mix)+//0A4v/9AID//QCJAFs-HONCHOS
2430,2425.730612244,,Kenny Dixon Jr. +AC0- Don't You Want My Love+//0A4v/9AID//QCJAFs-INTANGIBLE RECORDS +ACY- SOUNDWORKS+AF0-
2550,2545.110204081,build up filtrado,
2570,2574.117732426,build up, /Stefano Ritteri +AC0- The Partylife+//0A4v/9AID//QCJAFs-EXPLOITED+AF0-
2670,2670.497959183,build up filtrado,
2700,2700.71292517,comment,
2710,2710.093786848,,Mighty Dub Katz +AC0- Just Another Groove+//0A4v/9AID//QCJAFs-SOUTHERN FRIED
2830,2834.546938775,breakdown,
2840,2842.906122448,build up, /Bagatelle +AC0- Clin D'Oeil+//0A4v/9AID//QCJAFs-FOLLOW ME+AF0-
3030,3026.481632653,crossfade,
3070,3065.273469387,,Claptone +AC0- Good To You+//0A4v/9AID//QCJAFs-EXPLOITED+AF0- with James Brown +AC0- Blind Man Can See It+//0A4v/9AID//QCJAFs-POLYDOR
3100,3097.33877551,build up filtrado,
3150,3151.412244897,build up,
3200,3199.085714285,build up filtrado,
3300,3301.691791383,drop,
3320,3315.902403628,,Earth People +AC0- Dance (Club Mix)+//0A4v/9AID//QCJAFs-CHAMPION+AF0-
3350,3350.175056689,build up,
3510,3506.02739229,,crossfade
3520,3523.303038548,drum roll effect,
3540,3536.677732426,drop,Vangelis +AC0- Bicycle Riders (Harps Of The Ancient Temple
3600,3599.650249433,build up,
3660,3663.27292517,comment,
3690,3693.273106575,build up, / Claptone +AC0- Cream+//0A4v/9AID//QCJAFs-EXPLOITED
3730,3725.781043083,build up filtrado,
3790,3789.496598639,build up,
3870,3867.329886621,build up filtrado,
3880,3883.167346938,build up, / Claptone +AC0- The Music Got Me+//0A4v/9AID//QCJAFs-DIFFERENT (PIAS)
3950,3945.34893424,build up filtrado,
3960,3962.067301587,build up,
4010,4009.807528344,build up filtrado,
4050,4048.445532879,drop,
4060,4064.792380952,build up ,
4190,4186.093424036,build up filtrado,
4330,4331.914739229,build up filtrado,
4360,4363.493877551,build up,Doorly +AC0- I Want You To Dance+//0A4v/9AID//QCJAFs-TOOLROOM
4400,4403.617959183,build up filtrado,
4480,4484.237641723,drop,
4530,4528.076916099,build up filtrado,
4550,4548.767346938,build up ,/ Claptone feat. Jaw +AC0- Secret Lover+//0A4v/9AID//QCJAFs-DIFFERENT (PIAS)
4630,4628.387120181,build up,
4660,4656.622585034,drop,
4740,4737.240816326,build up,  Me +ACY- Her and David Keno +AC0- Walking Boots+//0A4v/9AID//QCJAFs-SUARA+AF0-
4850,4847.397732426,build up filtrado,
4890,4890.679727891,build up,
5000,4996.963265306,build up filtrado,
5000,5004.669387755,,Layo +ACY- Bushwacka+ACE- +AC0- Love Story+//0A4v/9AID//QCJAFs-XL
5070,5068.01632653,build up,
5100,5100.01632653,build up fitrado,
5130,5131.232653061,build up,
5150,5145.861224489,,Jack Penate +AC0- Tonight's Today+//0A4v/9AID//QCJAFs-XL
5280,5278.563265306,comment,
5300,5296.065306122,,Gregory Porter +AC0- Liquid Spirit (Claptone Remix)+//0A4v/9AID//QCJAFs-BLUE NOTE (UNIVERSAL)
5330,5327.804081632,breakdown,
5360,5359.020408163,drop,
5390,5390.651791383,build up,
5400,5404.955283446,build up filtrado,
5440,5438.39201814,build up,
5500,5500.734693877,intro, / Tori Amos +AC0- Professional Widow (Armand Van Helden Star Trunk Funkin' Mix)+//0A4v/9AID//QCJAFs-ATLANTIC (WARNER)
5510,5510.095238095,build up,
5600,5595.559183673,breakdown, /Claptone +AC0- 100.000 (Ladies +ACY- Gentlemen)+//0A4v/9AID//QCJAFs-FREE+AF0-
5610,5611.241360544,build up,
5690,5688.517369614,build up filtrado,
5700,5702.820861678,build up, / Johnny Corporate +AC0- Sunday Shoutin+//0A4v/9AID//QCJAFs-DEFECTED
5830,5827.929977324,,Sirens Of Lesbos +AC0- Long Days Hot Nights (Claptone Remix)+//0A4v/9AID//QCJAFs-EXPLOITED
5860,5858.766077097,breakdown,
5900,5904.83446712,drop,
5950,5952.110294784,build up,
5990,5990.922448979,build up filtrado, / crossfade
6000,5997.807165532,build up,
6000,6004.680272108,build up filtrado,
6010,6013.126530612,drop, / Tom Trago +AC0- Use Me Again (Carl Craig Rework)+//0A4v/9AID//QCJAFs-RUSH HOUR
6020,6022.977596371,build up filtrado,
6070,6071.460861678,drop,
6100,6099.69632653,build up filtrado,
6100,6102.922448979,comment,
6120,6116.440816326,build up, / Raumakustik +AC0- Raider+//0A4v/9AID//QCJAFs-HOTTRAX+AF0- with Claptone +AC0- Wrong (Pianopella)+//0A4v/9AID//QCJAFs-EXPLOITE
6170,6169.469387755,build up filtrado,
6210,6208.261224489,drop,
6270,6265.469387755,build up filtrado,
6300,6296.880181405,drop,
6340,6341.462494331,build up,
6360,6356.310204081,intro, /The Chemical Brothers +AC0- Block Rockin Beats+//0A4v/9AID//QCJAFs-ASTRALWERKS (EMI) with Christian Lamper +AC0- Dog Chord+//0A4v/9AID//QCJAFs-SUB URBAN
6370,6372.112834467,build up,
6430,6434.899591836,build up filtrado,
6470,6465.921451247,build up,
6510,6511.246802721,build up filtrado,
6530,6527.965170068,drop, / George Morel +AC0- Let's Groove (Claptone Remix)+//0A4v/9AID//QCJAFs-STRICTLY
6570,6574.219319727,build up filtrado,
6650,6653.910204081,build up,
6710,6713.910566893,build up filtrado,
6740,6740.114285714,,Jacob Korn +AC0- She+//0A4v/9AID//QCJAFs-UNCANNY VALLEY+AF0-
6750,6746.232743764,build up ,
6780,6777.440362811,breakdown,
6790,6793.926530612,build up,
6960,6963.722448979,,Elderbrook +ACY- andhim +AC0- How Many Times+//0A4v/9AID//QCJAFs-BLACK BUTTER+AF0- with Claptone feat. Jaw +AC0- No Eyes (Acappella)+//0A4v/9AID//QCJAFs-SMASHED+AF0-
7030,7025.800997732,breakdown,
7070,7071.869387755,drop,
7130,7132.995918367,comment,
