0,0,Clarke,
100,103.375238095,build up,/ James Ruskin - Work (Steve Rachmad Remix)_[BLUEPRINT]
220,216.224217687,build up filtrado,
240,237.7723356,drop,
260,257.091337868,build up,
300,304.274285714,drop, /Ritzi Lee - Above Is Below_[THEORY]
320,324.440816326,build up,
430,432.634195011,,Bjarki - I Wanna Go Bang (Sceptical C Remix)_
470,470.726530612,drop,
490,492.669387755,build up filtrado,
500,504.424489795,build up, /L.A.W. - Outer Realm (Time Edit)
670,672.914285714,build up filtrado,
720,717.322448979,build up,
780,783.534149659,build up filtrado,
820,822.073469387,comment,
840,837.485714285,build up, /Charles Fenckler - Frozen Room_[SOMA]
870,868.612063492,drop,
920,920.624761904,build up filtrado,
970,966.008163265,build up, /Makaton - 4 Point Suspension
1080,1081.492607709,build up filtrado, /Jeff Mills - D.N.A._[TRESOR]
1190,1185.703764172,build up, /Gary Martin - Well (Robert Hood Remix)_[MOTECH]
1380,1380.702040816,build up filtrado,
1400,1396.636734693,drop, /DJ Hyperactive - Venus (Ciren Remix)_[MISSILE
1430,1425.798095238,build up,
1510,1511.619047619,breakdown,
1530,1527.501496598,drop,
1570,1568.182857142,build up,
1590,1585.272743764,build up filtrado,o /Phil Kieran - Wasps Under A Toy Boat (Planetary Assault Systems Remix)_[COCOON]
1640,1638.121360544,build up,
1680,1677.714285714,build up filtrado,
1690,1691.167346938,breakdown,
1720,1719.510204081,build up,
1840,1844.221678004,comment,
1870,1865.398276643,,Djedjotronic feat. Miss Kittin - Pleasure & Pain (Jensen Interceptor Remix)_[BOYSNOIZE]
2000,2004.897959183,build up filtrado,Public Energy - Three O' Three_[NOVAMUTE]
2120,2122.954013605,build up,
2140,2136.032653061,drop,
2180,2179.657142857,,Klienfeld - Jefferson_[AYCB]
2210,2205.779591836,build up filtrado,
2220,2224.065306122,build up,
2250,2251.232653061,drop,
2280,2281.128344671,build up,
2310,2309.363809523,,DJ Flint - I Bust It (DJ Urban Remix)_
2370,2366.577777777,build up filtrado,
2430,2426.949659863,drop,
2490,2488.807619047,,Club M.C.M. - Club M.C.M. (Mark Broom Edit)
2570,2573.885532879,build up,
2620,2618.253061224,,Radio Slave - Ten Eight Seven (Robert Hood Remix)_
2650,2647.632108843,build up filtrado,
2680,2677.167891156,build up,
2720,2718.963809523,build up filtrado,
2770,2766.628571428,drop,
2810,2808.592834467,comment,
2830,2829.212154195,build up, /Diego Hostettler & Krenzlin - Spinal Tap (Audio Injection Remix)_[NACHTSTROM]
2920,2922.906122448,,Clouds - Complete Control (Slam Remix)_[SOMA]
3030,3034.105034013,build up filtrado,
3050,3045.250612244,drop,
3100,3095.510204081,build up,
3140,3139.395918367,,Gary Beck - Backward_[BEK
3330,3326.119183673,drop,
3390,3390.484897959,build up,
3540,3535.005895691,comment,
3560,3555.787755102,buil up,/Faetch - Wraetch
3580,3584.653061224,drop, /Charlton - Behave_[MORD]
3620,3621.289795918,build up filtrado,
3640,3635.2,build up filtrado,RRKS - Insanity (The Demolition Mix)_
3710,3713.42802721,breakdown,
3730,3729.031836734,build up,
3800,3800.032653061,crossfade,
3860,3857.856145124,drop, / DJ Funk - Run (UK Extended Mix)_
3970,3973.224489795,build up filtrado, /Envoy - Dark Manoeuvres_[SOMA]
4040,4043.951020408,comment,
4080,4080.195918367,drop,
4200,4200.211156462,build up filtrado, /Robert Gorl - Psychoring_[DISKO B]
4210,4213.957369614,build up, /Turbo Turbo - Headway
4300,4303.679274376,build up filtrado,
4320,4321.140680272,drop,
4380,4378.7261678,build up filtrado,
4400,4400.460045351,build up, .Davide Mancini - Rebels_
4440,4444.299319727,comment,
4460,4457.395374149,build up,
4470,4473.277823129,build up filtrado,
4550,4551.018231292,build up,
4560,4557.426938775,drop,
4590,4586.776961451,build up,
4600,4602.644897959,build up filtrado,
4620,4615.569705215,drop,
4640,4635,,J. Tijn - Mr Mime
4640,4643.918367346,build up ,
4810,4805.224489795,build up filtrado ,/UMEK - Lanicor
4880,4878.236734693,build up,
4930,4934.797641723,drop,
5010,5006.628571428,build up filtrado, /Slam - Make You Move
5110,5111.919455782,build up filtrado,
5150,5147.306666666,drop,
5200,5204.427755102,build up filtrado,
5250,5246.502312925,build up,
5310,5306.409795918,build up filtrado,
5320,5324.985759637,build up, Kaiserdisco & Cesar Martinez - Cameo (Philip Bader Remix)
5430,5432.633469387,New Point,
5440,5441.549931972,breakdown,
5460,5460.497414965,build up filtrado,
5470,5469.135238095,drop,
5560,5556.442267573,comment,
5570,5571.918367346,build up, /Dave Clarke - Wisdom To The Wise (A.Mochi Re-edit)_[BOYSNOIZE
5620,5617.185668934,build up filtrado,
5630,5628.702766439,build up,
5690,5686.009614512,build up filtrado, /Maelstrom & Louisahhh!!!
5740,5740.34430839,build up,
5770,5769.229931972,build up filtrado,
5820,5822.078548752,build up filtrado,
5980,5979.184761904,build up,_Unsubscribe_ - Penultimate_[BOYSNOIZE]
6090,6093.659138321,build up filtrado,
6110,6107.591111111,build up,
6180,6177.808253968,breakdown,
6220,6220.718730158,drop, /Dax J - Escape The System_[ARTS]
6340,6343.784489795,comment,
6360,6362.731972789,drop,
6500,6504.032653061,build up filtrado, /Joey Beltram - Aumento_[TRESOR]
6520,6517.681632653,drop, Ritzi Lee - Fire (Paul Mac Remix)_[TORTURED]
6580,6584.81632653,,Alien FM - It's All About The Bangin (DJ Floor Filler Mix)_[PUZZLEBOX]
6590,6586.758095238,build up filtrado,
6600,6602.083265306,drop,
6640,6644.807981859,build up, Roijacker - Out Of The Lights (_Unsubscribe_ Remix)_[Raar]
6700,6699.232653061,build up filtrado,
6750,6749.322448979,build up,
6870,6866.512108843,breakdown,
6900,6901.76,build up filtrado,
6910,6914.29877551,build up,
6930,6928.091428571,,Meng Syndicate - Sonar System (Mike Humphries Re-Edit)_[Hithouse Records
7050,7045.420408163,drop,
7100,7100.734693877,build up filtrado,
7120,7115.708662131,,comment DJ Funk - Pump It (Remix)_[DANCE MANIA (STRUT)]
