,0,2015.03.28 - Essential Mix - Four Tet x Jamie XX,
140,136.904852607,intro, /Jamie XX - Gosh [YOUNG TURKS
180,178.93877551,build up,
210,206.628571428,build up filtrado,
230,233.273469387,build up,
380,384.522448979,breakdown,
410,409.208163265,,Four Tet - Lion (Jamie XX Remix) [TEXT RECORDS
450,449.567346938,intro,
470,470.465306122,intro,
520,520.881632653,build up,
580,580.127346938,intro ,/ Dance - Still [Blank Mind
600,597.681632653,build up,
680,676.832653061,build up filtrado,
720,719.412244897,build up,
770,774.617687074,comment,
780,781.769433106,build up filtrado,/ Percussions (Four Tet) - Digital Arpeggios [TEXT RECORDS]
810,805.093877551,intro,
1080,1078.073469387,build up,
1170,1172.114285714,build up filtrado,
1190,1188.832653061,build up,
1260,1261.493696145,,Schatrax - The Same Fury [SCHATRAX
1330,1333.812244897,build up filtrado,
1370,1373.387755102,build up, / Lutto Lento - The Boat Can Leave Now
1400,1397.812244897,breakdown,
1570,1569.828571428,comment, /Drew & Hill - Powerless (Drew & Hill VIP) [BORN ELECTRIC
1590,1593.631927437,intro,
1620,1618.024489795,build up,
1780,1775.026213151,,Four Tet - ID
1820,1823.085714285,build up filtrado,
1850,1853.648979591,build up / drop,
1940,1944.55510204,build up filtrado,
1980,1976.424489795,buid up,
2040,2037.420408163,drop,
2080,2083.526530612,build up filtrado,
2100,2104.685714285,drop,
2130,2132.636734693, build up filtrado,
2180,2177.567346938,,Walls - I Can Only Give You Anything But Love [Ecstatic]
2240,2239.608163265,drop,
2300,2304.522448979,build up filtrado,
2340,2336.914285714,drop,
2420,2420.262312925,build up filtrado ,/ Dave DK - Halma [KOMPAKT
2430,2427.878458049,build up,
2470,2466.887981859,build up filtrado,
2500,2497.909841269,build up,
2580,2584.102312925,build up filtrado,
2590,2591.346938775,build up,
2620,2623.542857142,comment,
2650,2647.902040816,breakdown, / Jim O'Rourke - Despite The Water Supply [Touch]
2740,2739.918367346,build up filtrado, / Throwing Snow - Lumen
2760,2761.404081632,build up,
2830,2826.710204081,build up filtrado,
2900,2900.265215419,build up ,
2950,2945.962086167,outro,
3000,3004.244172335,build up, / NHK yx Koyxen - 845 [Diagonal]
3040,3039.956462585,build up filtrado,
3060,3062.804897959,build up ,
3140,3143.610340136,breakdown,
3190,3188.192653061,build up ,
3270,3271.575510204,,Caribou - Mars (Head High Core Remix) [JIAOLONG
3300,3300.571428571,build up filtrado,
3340,3335.053061224,buikdup,
3360,3364.850068027,build up filtrado,
3380,3379.896598639,build up,
3430,3425.964988662,build up filtrado,
3450,3445.942857142,comment,
3480,3479.640816326,intro ,/ Champion & Four Tet - Disparate [TEXT RECORDS
3540,3540.950204081,breakdown,
3600,3599.278730158,intro,
3660,3660.393650793,build up,
3720,3721.012244897,crossfade,
3740,3736.293877551,intro, / Wen - Hailstones [Pretty Weird Records]
3850,3853.769433106,breakdown,
3880,3882.933696145,build up ,
3940,3939.265306122,intro,
3970,3969.436734693,build up, / Wonder feat. Kano - What Have You Done (Instrumental Mix) [Newera Music
4100,4100.048979591,intro,  /Davinche - Phaze [PAPERCHASE]
4250,4248.55510204,comment,
4260,4255.673469387,intro, / Designer & Four Tet - Dark
4440,4435.2,breakdown,
4480,4479.47755102,build up,
4550,4546.285714285,intro ,/ Tyondai Braxton - Amlochley [NONESUCH
4660,4659.395918367,build up filtrado,/ Koreless - TT [YOUNG TURKS]
4810,4810.187755102,build up,
4860,4864.653061224,build up filtrado,
4890,4888.55510204,breakdown,
4930,4926.432653061,breakdown, / Delia Derbyshire & Barry Bermange - Running [Psychic Sounds]
4980,4976.457142857,build up, Roots Manuva - Facety 2:11 [BIG DADA]
5110,5109.942857142,build up filtrado,
5120,5123.265306122,build up,
5140,5136.326530612,intro ,/ Rome Fortune - Leaders
5150,5154.481632653,build up,
5330,5334.661224489,comment,
5350,5354.775510204,intro, / Thomas Scholz - Mimesis (Rampue Remix) [O*RS]
5390,5393.763265306,build up,
5450,5448.097959183,build up filtrado,
5460,5464.55510204,build up,
5520,5519.542857142,build up filtrado,
5540,5535.47755102,build up,
5610,5606.530612244,breakdown,
5640,5640.489795918,build up,
5680,5681.893877551,build up filtrado,
5700,5695.297596371,,Jamie 3:26 - Comin' On Strong [Partehardy Records
5870,5869.453061224,crossfade,
5880,5878.595918367,intro, / Cool Creations Of St. Maarten - Wish Upon Love [Jay Records
6000,5996.692607709,build up,
6220,6224.062403628,comment,
6230,6231.957188208,build up, / Hodges & James & Smith & Crawford - Nobody [Mpingo]
6430,6429.512562358,intro, / KANDY - Love Me Tonight [Black Hawk Records
6430,6434.62095238,build up,
6660,6662.4,comment,
6670,6670.628571428,intro, Jean-Philippe Rykiel - Tao [Musiza
6750,6754.870566893,build up,
6830,6833.893877551,build up filtrado,o/ Jamie XX feat. Romy - Loud Places [YOUNG TURKS]
6870,6870.320181405,build up,
6900,6904.685714285,build up filtrado,
6930,6931.43510204,build up,
6950,6945.924353741,build up filtrado,
7030,7028.308752834,build up,
7060,7062.209886621,breakdown,
7090,7087.281632653,crossfade,
7090,7094.269387755,comment,
7130,7130.29079365,build up filtrado, / Jamie XX - Alba [YOUNG TURKS
