0,
0,2015.09.05 +AC0- Essential Mix +AC0- Lee Burridge
91.393741496,intro
164.954557823,build up 
451.134693877,crossfade
468.244897959,
652.53877551,breakdown
684.408163265,build up filtrado
800.252517006,crossfade
867.125986394,
908.53877551,breakdown
943.542857142,build up filtrado
1097.375056689,comment
1113.443265306,build up filtrado
1392.848979591,build up
1518.759183673,breakdown
1563.167346938,buid up filtrado
1638.922448979,drop
1662.95510204,build up
1733.746938775,comment
1750.04154195,build up
1856.783673469,breakdown
1872.979591836,build up
1913.208163265,build up filtrado
2005.681632653,breakdown
2028.146938775,build up filtrado
2091.363265306,build up
2136.293877551,intro
2168.163265306,build up
2374.008163265,breakdown
2424.685714285,build up filtrado
2470.13877551,build up
2544.848979591,
2725.093877551,build up filtrado
2739.722448979,build up
2880.261224489,comment
2892.8,intro
2927.804081632,build up
3237.093877551,
3648.783673469,comment
3670.726530612,intro
3742.302040816,build up filtrado
3777.828571428,drop
3871.869387755,build up filtrado
3962.253061224,drop
4026.514285714,build up
4103.314285714,
4318.040816326,build up filtrado
4366.628571428,build up
4442.255963718,build up filtrado
5039.542857142,build up
5080.293877551,build up filtrado
5170.15510204,breakdown
5238.595918367,drop
5272.032653061,build up filtrado
5399.846893424,comment
5423.624126984,buil up
5607.444897959,breakdown
5689.991836734,build up filtrado
5909.420408163,build up
5936.878004535,
6122.057142857,breakdown
6152.881632653,buikd up
6246.725079365,comment
6263.814965986,
6308.571428571,build up filtrado
6322.67755102,breakdown
6355.069387755,build up
6478.889795918,build up filtrado
6531.134693877,drop
6593.352562358,build up  crossfade
6695.891882086,
6790.629297052,build up filtrado
6915.831292517,drop
6979.361088435,build up filtrado
7116.080181405,comment
7161.405532879,
