,0,,,
140,144,9853968,,Loco Dice +AC0- Pimp Jackson Is Talkin' Now+ACEAIQAh- (Acappella)+AF8-
170,174,4282993,build up, / Kodiak +AC0- Taargus (Bambounou Remix)+AF8AWw-UNEARTHED SOUNDS
230,230,922449,build up filtrado,
250,246,734694,build up,
440,435,2,build up ,/ Nicola Calbi +AC0- Variazioni Sonore
480,479,6081633,build up,
500,501,5510204,build up filtrado,
510,509,9102041,build up,
530,530,8081633,build up filtrado,
540,540,2122449,build up,
560,560,653061,build up filtrado,
570,572,6040816,build up,
590,594,5469388,build up filtrado,
600,602,9061224,build up,
620,624,3265306,build up filtrado,
630,630,734694,build up,
650,654,1061224,build up filtrado,
660,661,9428571,build up,
690,686,4979592,build up filtrado,
700,697,4693878,build up,
760,755,722449,build up ,Cozzy D +AC0- Shake That Acid (Lewis Boardman Temporary Psychosis Remix)
820,815,204082,build up filtrado,
850,847,4122449,build up,
910,905,209524,build up filtrado,
980,976,3526531,build up,
1020,1024,522449,comment,
1040,1040,625488,build up,
1140,1144,279365,intro ,/ Loco Dice feat. Giggs +AC0- Get Comfy (Underground Sound Suicide)+AF8-
1310,1311,834558,breakdown,
1330,1328,924444,build up,
1370,1373,135238,build up ,Basement Jaxx +AC0- Love Is At Your Side (Luciano Remix)
1860,1860,4898,build up filtrado,
1870,1866,884354,build up, / Francisco Allendes +AC0- Bad Morning
1930,1927,706122,build up filtrado,
1940,1942,987755,build up,
2020,2018,481633,build up filtrado,
2080,2080,,drum roll effect,
2100,2095,412245,build up,
2300,2295,246077,,Premiesku +AC0- Vreju+AF8AWw-DESOLAT
2380,2375,706122,build up filtrado,
2410,2409,926531,build up ,
2470,2470,922449,build up filtrado,
2520,2515,853061,build up,
2590,2586,77551,build up filtrado,
2590,2594,873469,outro,
2680,2682,122449,build up filtrado,
2700,2697,229932,build up ,Sons Of Tiki +AC0- Three+AC0-Man Attack+AF8-
2820,2818,716735,build up filtrado, / crossfade
2860,2855,497143,,d'Kawa +AC0- Kurokin (DJ Deeon Mix 2)+AF8-
3160,3159,2839,,Leano +AC0- Stubba (Adapter Remix)+AF8AWw-Illogic Music+AF0-
3220,3224,601542,build up filtrado,
3230,3231,753288,build up,
3270,3270,19773,build up filtrado,
3290,3285,66304,build up,
3350,3345,252426,build up filtrado,
3380,3376,552925,build up,
3410,3408,317823,outro, / crossfade
3490,3491,538141,comment,
3520,3519,402086,intro ,Seven Davis Jr. +AC0- Beautiful (Krystal Klear Remix)+AF8-
3590,3585,811156,breakdown,
3610,3614,97542,build up filtrado,
3650,3651,662948,build up,
3780,3780,702041,build up filtrado ,/ Nikola Gala +AC0- Exciter B+AF8AWw-ADMAIORA+AF0-
3950,3946,835011,build up filtrado,
3990,3986,587574,build up ,
4070,4067,657143,crossfade,
4100,4099,395918,build up filtrado ,Jack Dixon +AC0- Heirloom (Skudge Remix)+AF8-
4110,4109,839093,build up,
4130,4125,164263,build up filtrado,
4150,4148,755737,build up,
4300,4295,78449,build up filtrado,
4310,4313,245896,build up,
4340,4343,246077,comment,
4360,4359,964444,build up,
4400,4399,717007,build up filtrado,
4430,4435,591837,,Loco Dice feat. Chris Liebing +AC0- Keep It Low (Chris Liebing Version)
4440,4442,163084,intro,
4550,4552,39909,build up ,
4620,4621,606893,breakdown,
4630,4631,916553,build up,
4680,4684,300771,breakdown,
4720,4724,897959,build up,
4800,4800,772063,intro ,. NYMA +AC0- Spinner+AF8AWw-IT'S ALL IN YOU+AF0-
4840,4838,109751,build up,
4850,4852,227483,build up filtrado,
4860,4859,936508,build up,
5030,5034,550567,build up filtrado,
5050,5050,154376,build up,
5090,5089,628299,,Loco Dice feat. Just Blaze +AC0- Sending This One Out+AF8-
5110,5106,439546,build up filtrado,
5120,5124,365351,build up,
5160,5156,223129,drum roll effect,
5190,5185,201633,build up,
5340,5338,731973,build up filtrado,
5350,5353,338776,build up,
5390,5390,889796,comment,
5400,5400,32653,build up, Bimas +AC0- It Wasn't Me+AF8-
5500,5498,383673,build up,
5540,5542,857143,build up filtrado,
5560,5556,571429,build up,
5590,5593,861224,drum roll effect,
5600,5604,897959,build up,
5650,5653,289796,drum roll effect,
5660,5664,84898,build up ,
5680,5681,110204,intro ,Loco Dice +AC0- Like In The Movies... Yeah I Want Sum+ACEAXw-
5710,5708,8,build up filtrado,
5740,5740,212245,build up,
5790,5785,12245,build up filtrado,
5800,5801,795918,build up,
5950,5953,893878,build up filtrado,
5980,5984,391837,drum roll effect,
6000,5996,408163,breakdown,
6030,6026,514286,builld up,
6150,6147,900952,,Gary Martin +AC0- Well (Robert Hood Remix)
6360,6361,926531,build up filtrado,
6380,6377,273469,build up,
6500,6504,745215,,Mr. Tophat +ACY- Art Alfie +AC0- Crab At The Green Hunter (Loco Dice Remix)+AF8AWw-KARLOVAK+AF0-
6580,6585,534694,build up filtrado,
6590,6593,371429,build up,
6660,6662,8163,build up filtrado,
6690,6692,702041,build up,
6800,6801,763265,breakdown,
6840,6839,314286,build up filtrado,
6890,6887,38549,intro ,/ James Morris feat. Davey +AC0- Shadows (Reset Safari Lost In '82 Remix)+AF8AWw-NURVOUS+AF0-
6930,6932,897959,build up,
7140,7144,620408,comment,
