0,0,,"2015.02.28 - Essential Mix - Max Cooper"
0,0,"build up","/ Fran Seven - At Least?[ATOMNATION] /drop"
0,0,"build u",
180,182.044444444,"breakdown","/A Winged Victory For The Sullen - Atomos VI?[ERASED TAPES"
330,332.146938775,"build up filtrado","/ Max cooper - ID with Vaetxh - List Of Lists?[DETROIT UNDERGROUND"
380,383.965170068,"build up",
490,489.151564625,"breakdown",
510,509.779591836,"build up filtrado","/ Lusine - Arterial / intro"
620,620.901587301,"build up",
700,699.756553287,"build up filtrado"," /Kimyan Law - Eclairage?[BLU MAR TEN"
830,834.432290249,"breakdown",
860,860.081632653,"build up filtrado",
880,877.157006802,"build up ",
900,895.454331065,"breakdown",
910,913.937414965,"drop",
950,951.248979591,"breakdown",
960,960.587755102,"drop",
970,969.991836734,"build up filtrado",
980,978.93877551,"breakdown",
1000,1000.687165532,"build up filtrado"," / Isaac Delusion - Pandora's Box (Lusine Remix) intro"
1050,1052.514104308,"build up",
1080,1084.734693877,"build up filtrado",
1180,1180.930612244,"build up",
1210,1212.702040816,"build up filtrado",
1220,1221.183854875,,"Burial - Rough Sleeper "
1330,1325.322448979,"breakdown",
1330,1332.897959183,"build up filtrado","/ Gidge - Huldra?[ATOMNATION with Kiasmos - Looped?[ERASED TAPES // intro von crossfade"
1350,1349.028571428,"build up",
1380,1375.085714285,"build up filtrado",
1400,1396.897959183,"build up",
1490,1492.897959183,"breakdown",
1530,1528.946938775,"build up",
1620,1624.032653061,"breakdown",
1640,1637.842721088,"drop"," /Samu.l - Beach/ drop entra con batera"
1710,1708.988662131,"breakdown ","/Fennesz - Before I Leave / con crossfade y va bajando"
1750,1747.812426303,"comment",
1770,1766.016870748,,"Rob Clouth & Max Cooper - ID"
1780,1779.855963718,"build up filtrado",
1880,1875.983673469,"build up",
2120,2120.097959183,"breakdown",
2250,2246.414512471,"build up filtrado"," /Tessela - C'mon"
2310,2308.179591836,,"JoeFarr - Tape 7 (Tessela Remix)?[DSNT]"
2370,2368.914285714,"drop",
2420,2415.281632653,"build up filtrado",
2440,2444.53877551,"drop",
2480,2476.454603174,"build up",
2490,2490.479455782,"build up filtrado"," /The Future Sound Of London - Papua New Guinea?[JUMPIN' & PUMPIN'"
2530,2529.436734693,"build up filtrado",
2540,2544.979591836,"build up",
2580,2579.069387755,"build up filtrado",
2610,2610.15510204,"build up",
2640,2640.851882086,"breakdown",
2660,2655.526893424,"build up ",
2670,2671.037823129,"drop",
2710,2709.675827664,"build up filtrado",
2730,2728.43755102,"build up"," /Faib & Synkro - Inhale"
2820,2819.831292517,"breakdown"," /Nils Frahm - Peter (Max Cooper Remix) /bridge filtro breakdown"
2870,2865.713922902,"build up filtrado",
3050,3049.801723356,"drop",
3110,3107.526530612,"build up",
3160,3156.149115646,"comment",
3170,3168.316371882,"breakdown",
3190,3189.307210884,,"Max Cooper & Tom Hodge - Teotihuacan Part 1 - intro"
3380,3384.819229024,,"Rob Clouth - The Smallest Possible Space"
3460,3456.243809523,"build up filtrado",
3500,3495.706122448,"breakdown",
3510,3511.414421768,"build up filtrado",
3570,3570.671746031,"breakdown",
3590,3585.532517006,"build up",
3660,3662.181587301,"breakdown",
3720,3715.982222222,"build up filtrado",
3740,3738.25015873,"drop",
3830,3830.41015873,"breakdown",
3850,3851.54031746,"comment",
3880,3876.61786848,"build up"," /Alberto Ruiz & Hugo Bianco - Haze?[BE ONE"
3980,3975.72063492,"drop",
4080,4080.396190476,,"Rrose - 23 Lashes?[EAUX]"
4240,4242.099954648,"build up","/ Dyad - From Another Place?[DYAD"
4470,4474.763900226,"build up filtrado"," /Pfirter - Supraventricular / w crossfade"
4560,4561.420770975,"build up",
4610,4613.619229024,,"Rival Consoles - Haunt?[ERASED TAPES]"
4700,4696.032653061,,
4770,4768.101587301,"comment",
4790,4789.97478458,"breakdown"," /Oneohtrix Point Never - Rush - intro rara puente"
4810,4810.199365079,"build up filtrado",
4910,4906.422857142,"breakdown",
4930,4927.04217687,,"Rob Clouth - Deep Field / drop"
5090,5090.371337868,"build up",
5120,5122.902494331,,"JoeFarr - Mormon Shuffle"
5280,5276.038095238,"drop"," /Satirist & Skew -"
5360,5359.722811791,"breakdown",
5370,5368.825034013,"drop",
5400,5400.404172335,"build up",
5480,5480.838095238,"comment",
5510,5505.102947845,"build up filtrado"," /Dorian Concept - The Sky Opposite (Tim Hecker Remix)?[NINJA"
5570,5570.002721088,"breakdown",
5660,5656.264852607,"build up filtrado","/Max Cooper & Tom Hodge - Remnants"
5830,5830.530612244,,"Kimyan Law - Daimyo?[BLU MAR TEN] with Rival Consoles - Recovery - intro"
6140,6140.052607709,"comment",
6150,6152.359183673,"breakdown"," /Boards Of Canada - Dayvan Cowboy?[WARP] with Rockwell - Full Circle / i ntro"
6270,6270.873832199,"build up filtrado",
6310,6305.044897959,"build up",
6410,6406.530612244,"build up filtrado",
6430,6430.650340136,"build up"," /Cirrus - Shiver Shrapnel (Woulg Remix)"
6490,6489.280725623,"build up filtrado"," /Vaetxh - List Of Lists?[DETROIT UNDERGROUND] with"
6620,6619.219591836,"comment",
6620,6624.374421768,"breakdown",
6740,6740.752834467,"build up filtrado",
6860,6861.844897959,"build up",
6930,6931.156462585,"breakdown",
6990,6989.206349206,"comment",
7000,6998.680090702,"build up filtrado"," /Nils Frahm - Them / intro"
7160,7163.820408163,"comment",
