,0,2015.09.19 - Essential Mix - Seth Troxler,
120,116.375510204,Intro,ID
210,205.821678004,build up,
350,352.200272108,build up filtrado,
370,370.776235827,breakdown,
440,442.850975056,build up,
480,479.817142857,,Seth Troxler - Evangelion 1644 PM [RUMORS
560,555.102040816,build up filtrado,
570,569.991836734,build up,
650,654.106122448,build up filtrado,
660,662.726530612,build up,
730,734.302040816,build up filtrado,
740,741.61632653,build up,
760,756.767346938,build up filtrado,
770,773.485714285,build up,
800,798.394920634,,Tiga vs. Boys Noize - 100 (Trace7000 Remix) [TURBO
810,805.453786848,comment,
810,814.236734693,build up,
940,935.151020408,drum roll effect,
940,941.779591836,drop,
970,970.089795918,build up,
1000,995.485895691,ID,
1010,1013.028571428,build up filtrado,
1030,1032.359183673,build up,
1150,1149.852154195,,Bas Ibellini & SLF - Friendship [TUSKEGEE]
1230,1230.286077097,build up filtrado,
1240,1243.475011337,build up,
1270,1265.580408163,build up filtrado,
1300,1301.989297052,drop,
1410,1407.315011337,build up filtrado,
1420,1420.318185941,intro, / Kool D - Casablanca Sessions (Vocal Mix)
1440,1439.637188208,build up,
1570,1574.684444444,comment,
1580,1584.343945578,breakdown,
1620,1620.195555555,build up,
1710,1709.73170068,,Butch - Jack The System [TUSKEGEE]
1760,1755.614331065,build up filtrado,
1770,1771.403900226,drop,
1800,1802.147120181,build up,
1830,1831.218503401,build up filtrado,
1840,1839.299047619,build up,
1870,1873.757460317,build up filtrado,
1920,1920.197369614,drop,
1980,1979.826213151,build up,
2020,2019.57877551,,Christian Smith & John Selway - Total Departure (Christian Smith Remake)
2030,2031.095873015,build up filtrado,
2060,2055.24462585,build up,
2140,2136.293877551,build up filtrado,
2140,2144.914285714,build up,
2180,2179.395918367,drum roll effect,
2200,2204.734693877,drop,
2290,2291.461224489,build up,
2400,2398.064036281,comment,
2410,2411.717369614,drop, / Mathew Jonson - Decompression [MINUS
2580,2575.278730158,,Giorgio Rusconi - Cosmic Vision [BREAK NEW SOIL
2720,2724.571428571,build up filtrado,
2800,2800.065306122,drop,
2920,2915.218866213,build up filtrado,Sharam - HEAVi [YOSHITOSHI
2930,2933.88770975,build up,
3000,2998.717823129,drum roll effect,
3010,3008.748843537,build up filtrado,
3040,3036.98430839,breakdown,
3070,3070.235283446,build up filtrado,
3090,3092.897959183,drop,
3180,3175.746757369,build up filtrado,
3190,3191.164807256,breakdown,
3230,3227.573696145,drop,
3260,3256.180680272,build up,
3290,3292.961088435,,Harry Axt - Tag Der Befreiung (Harry Axt 2014 Remix) [ARMS & LEGS
3400,3397.729523809,build up filtrado,
3430,3425.40770975,build up,
3510,3508.813786848,,Andrea Oliva feat. Moggli - One Thousand Reasons [OBJEKTIVITY
3650,3647.73877551,breakdown,
3710,3707.820408163,build up,
3760,3762.546938775,,Yotam Avni - This Is How (Sterac aka Steve Rachmad Remix)
3920,3921.371428571,build up filtrado  / ID,
3980,3984.979591836,build up,
4110,4109.931972789,build up filtrado,
4140,4139.839274376,build up,
4220,4220.212244897,,ID
4320,4316.125170068,build up filtrado,
4350,4345.846712018,build up,
4460,4460.146938775,comment, Cassegrain & Tin Man - Sex Kit [KILLEKILL
4480,4478.293333333,build up,
4600,4600.151655328,crossfade,
4620,4617.613061224,,Matrixxman - Opium Den [GHOSTLY
4690,4694.146031746,intro,
4720,4720.152380952,build up,
4790,4788.511927437,,Jamie XX feat. Romy - Loud Places (Tessela Remix) [YOUNG TURKS
5040,5044.114285714,intro ,/ Armando - Don't Take It (Thomos Edit) [LET'S PET PUPPIES
5080,5079.411519274,build up,
5260,5260.341405895,breakdown,
5310,5309.381950113,build up,
5320,5322.710204081,comment,
5330,5332.767346938,build up ,/ Charles B. & Adonis - Lack Of Love [DESIRE
5430,5432.726349206,build up filtrado,
5460,5462.076371882,build up,
5480,5477.093877551,build up filtrado,
5490,5491.983673469,drop,
5550,5551.055238095,build up, / Seven Davis Jr. - Friends (Detroit Swindle Friends On Acid Remix) [CLASSIC MUSIC
5730,5728.653061224,drop,
5860,5861.093877551,build up filtrado,
5920,5917.466122448,comment,
5920,5924.989387755,intro ,/Harry Romero - Aquarium [OVUM
6010,6014.95510204,build up,
6070,6074.525895691,crossfade,
6120,6118.643809523,,House Of Funk feat. Oliver Night - You Got To (Club Mix) [TONY
6270,6274.612244897,build up filtrado,
6310,6308.048979591,drop,
6420,6421.617777777,comment,
6450,6449.632653061,build up,/ Id with Dead Or Alive - You Spin Me Round (Like a Record) (Acappella)
6710,6712.238730158,ID,
6910,6909.143945578,comment,t Butch - Praise The Lord [PLAY IT SAY IT
6940,6939.167346938,build up,
7010,7007.608163265,build up filtrado,
7140,7137.175510204,comment,
