0,2015.09.19 - Essential Mix - Seth Troxler
104.489795918,ID
479.817142857,Seth Troxler - Evangelion 1644 PM [RUMORS
798.394920634,Tiga vs. Boys Noize - 100 (Trace7000 Remix) [TURBO
805.453786848,comment
814.236734693, 
995.485895691,ID
1149.852154195,Bas Ibellini & SLF - Friendship [TUSKEGEE]
1420.318185941,Kool D - Casablanca Sessions (Vocal Mix) 
1709.73170068,Butch - Jack The System [TUSKEGEE]
2019.57877551,Christian Smith & John Selway - Total Departure (Christian Smith Remake) 
2398.064036281,comment
2411.717369614,Mathew Jonson - Decompression [MINUS
2575.278730158,Giorgio Rusconi - Cosmic Vision [BREAK NEW SOIL
2915.218866213,Sharam - HEAVi [YOSHITOSHI
3292.961088435,Harry Axt - Tag Der Befreiung (Harry Axt 2014 Remix) [ARMS & LEGS
3508.813786848,Andrea Oliva feat. Moggli - One Thousand Reasons [OBJEKTIVITY
3762.546938775,Yotam Avni - This Is How (Sterac aka Steve Rachmad Remix) 
3921.371428571,ID
4220.212244897,ID
4460.146938775,comment - Cassegrain & Tin Man - Sex Kit [KILLEKILL
4600.151655328,crossfade
4617.613061224,Matrixxman - Opium Den [GHOSTLY
4788.511927437,Jamie XX feat. Romy - Loud Places (Tessela Remix) [YOUNG TURKS
5044.114285714,Armando - Don't Take It (Thomos Edit) [LET'S PET PUPPIES
5322.710204081,comment
5332.767346938,Charles B. & Adonis - Lack Of Love [DESIRE
5551.055238095,Seven Davis Jr. - Friends (Detroit Swindle Friends On Acid Remix) [CLASSIC MUSIC
5917.466122448,comment
5924.989387755,Harry Romero - Aquarium [OVUM
6074.525895691,crossfade
6118.643809523,House Of Funk feat. Oliver Night - You Got To (Club Mix) [TONY
6421.617777777,Id with Dead Or Alive - You Spin Me Round (Like a Record) (Acappella) 
6712.238730158,ID
6909.143945578,Butch - Praise The Lord [PLAY IT SAY IT
