0,2015.10.03 - Essential Mix - Flume
93.126530612,Knxwledge - Nvrending [SELF RELEASED]
200.359183673,TroyBoi - Do You? [FREE]
369.240816326,Flume - ID
680.359183673,San Holo - Victory [MONSTERCAT
871.183673469,Amon Tobin - In Your Own Time (EPROM Remix) [NINJA
950.204081632,Flume & Chet Faker - What About Us
1233.258231292,Beyoncé - Ghost (Flume Edit)
1450.039727891,comment
1462.671383219,Hayden James - Beginnings (Flume Lost Mix)
1630.040816326,Ta-ku feat. Chet Faker - Mahal
1788.958185941,Flume - ID
1902.271564625,Vince Staples - Norf Norf [DEF JAM
2090.074557823,Lapti - First Date [FREE]
2224.843174603,Thomas Scholz - Mimesis (Rampue Remix) [O*RS]
2502.182312925,Flume - ID 
2695.314285714,Kanye West - All Day (EPROM & Salva Remix) 
2843.559183673,Clams Casino - Crystals 
3029.812244897,Matthew Herbert - It's Only (DJ Koze Remix) 
3344.602267573,Jon Hopkins - Collider 
3807.701043083,comments
3819.961179138,Fatima Yamaha - What's A Girl To Do [D1
4009.807528344,Leon Vynehall - Time
4306.651428571,crossfade
4318.168526077,Bollocks Deejays! - Worth It (Daggers Remix)
4508.865306122,Kenton Slash Demon - Syko [FUTURE CLASSIC
4883.853061224,Oxia - Domino [KOMPAKT
5226.579591836,Daphni - Ye Ye [TEXT RECORDS
5493.159183673,comments
5506.351020408,Trimbal - Confidence Boost (Harmonimix) [R&S
5718.791836734,Vic Mensa feat. Chance The Rapper - Suitcase [FREE
5850.383673469,Jamie XX - Gosh [YOUNG TURKS
6057.665306122,comments
6065.502040816,Mssingno - XE2 [GOON CLUB ALLSTARS
6331.167346938,JME feat. Giggs - Man Dont Care
6534.726530612,comment
6539.885714285,Mssingno - 124th [GOON CLUB ALLSTARS]
6644.440816326,comment
6650.971428571,Point Point - doubleOreo (San Holo Remix) 
6730.122448979,comment
6743.902040816,Mura Masa - Lotus Eater 
6874.448979591,Losco - Scriptina 
6987.534512471,Mica Levi - Love
