0.000000000,2015.03.21 - Essential Mix - Kryder
17.240816326,Kryder & Tom Staar - Jericho [SIZE]
74.025215419,Kryder - K2 [MUSICAL FREEDOM]
100.031564625,Kryder - Aphrodite [AXTONE]
133.839818594,Renato Cohen vs. Âme - Pontape vs. Rej (Kryder Edit)
423.346213151,crossfade
453.532154195,Enrico Sangiuliano & Jewel Kid vs. Robbie Rivera vs. Armand Van Helden - Capernoited vs. Funk A Tron vs. Witch Doctor (Kryder Edit)
620.808707482,crossfade
650.448979591,Hertz - Funkster EP [CRAFT]
875.392290249,crossfade
905.856870748,Sander Van Doorn & Mark Knight & Underworld vs. The Prodigy - Ten vs. Your Love (Kryder Edit) 
980.625124716,Dave Spoon - At Night (Tom Staar Remix) [TOOLROOM
1084.093242630,Sander van Doorn - Ori Tali Ma [DOORN (SPINNIN')
1356.602630385,crossfade
1369.048526077,CDC - Get Hyped (Kryder Edit) [CARPE DIEM
1490.163809523,crossfade
1534.188843537,Tom Tyger - Jedi [SOSUMI
1685.304308390,crossfade
1714.468571428,Muzzaik - Better Days [BIG BEAT (ATLANTIC)]
1790.815782312,comment
1808.277188208,comment end
1910.693877551,crossfade
1970.155102040,Kryder feat. Cajmere - Percolator [SPINNIN'
2130.416326530,crossfade
2149.877551020,Fraanklyn - Rock The Funky Beats (Kryder SOS Essential Edit) [SOSUMI​/​SPINNIN'
2329.469387755,crossfade
2359.248979591,Nari & Milani & Tony Romera - How We Do It (Kryder Pyramid Edit) [SOSUMI/FREE]
2555.036734693,Tube & Berger feat. Juliet Sikora - Come On Now (Set It Off) (Kryder Remix) [FFRR (PARLOPHONE)
2585.338775510,comment
2598.400000000,end comment
2735.542857142,crossfade
2749.910204081,Max Freegrant - Tone (Prok & Fitch Remix) [INCORRECT
3035.297959183,The Cube Guys vs. Klubbheads - Klubbhopping (Kryder Edit
3201.753106575,crossfade
3231.103129251,Rob Marmot & My Digital Enemy vs. Green Velvet & Harvard Bass - African Drop vs. Lazer Beams (Tom Staar Edit) 
3380.453877551,Steve Lawler vs. Kryder - Kalimba vs. Tarzan (Kryder Edit)
3560.826485260,comment
3584.789478458,Dada Life & GotSome feat. The Get Along Gang - Love Vibrations vs. Bassline (Kryder Edit) 
3696.261224489,Human Resource - Dominator (ID Remix) [R&S] with 	DJ Misjah & DJ Tim - Access (Matt Smallwood & Polarised Remix) [TOOLROOM TRAX]
3876.310204081,Junior Sanchez & Kaz James feat. Felix Da Housecat - Underground Police [ZEROTHREE
4070.829569160,loop 
4086.154739229,D.I.M. & TAI & Whirlpool Productions - Lyposuct vs. Disco To Disco (Kryder Edit
4206.805623582,Mario Ochoa vs. Dirty South & Axwell vs. Roland Clark - Let It Get Much Deeper (Kryder Edit)
4439.423129251,crossfade
4453.169342403,Bob Sinclar & Jesse Garcia & Dario Nunez - Bounge vs. Sealion Woman (Kryder Edit)
4641.668934240,Kryder - Egyptian
4874.147120181,Kryder & Tom Staar & The Wulf - De Puta Madre [SPRS (SPINNIN')
5068.173061224,crossfade
5098.823401360,Gemellini - Cavanda [SOSUMI
5338.731972789,crossfade
5368.546394557,Axwell Λ Ingrosso - Something New (Kryder & Tom Staar Remix) [VIRGIN/DEF JAM
5534.151111111,comment
5563.779773242,Rob & Jack - Sabale (Tom Staar Edit) [STAAR TRAXX]
5743.502222222,crossfade
5774.431201814,Michael Calfan - Treasured Soul (Kryder & Genairo Nvilla Remix) [SPINNIN' REMIXES
5923.781950113,crossfade
5953.596371882,Kryder & The Wulf - Good Vibes [SPINNIN']
6163.597641723,crossfade
6193.876462585,Defiev - Not Just Another Groove [SOSUMI
6313.598548752,crossfade
6358.645260770,L'Tric - This Feeling (Kryder Remix) [NEON
6554.343038548,crossfade
6569.110929705,Tom Staar - Bora [AXTONE
6823.787392290,BYNON - Sunrise [SOSUMI
7018.742131519,	Kölsch feat. Troels Abrahamsen - All That Matters (Kryder Remix) [AXTONE
7155.925623582,comment
