0.000000000,2015.03.28 - Essential Mix - Four Tet x Jamie XX
136.904852607,Jamie XX - Gosh [YOUNG TURKS
409.208163265,Four Tet - Lion (Jamie XX Remix) [TEXT RECORDS
580.127346938,Dance - Still [Blank Mind
774.617687074,comment
781.769433106,Percussions (Four Tet) - Digital Arpeggios [TEXT RECORDS]
1261.493696145,Schatrax - The Same Fury [SCHATRAX
1373.387755102,Lutto Lento - The Boat Can Leave Now 
1569.828571428,Drew & Hill - Powerless (Drew & Hill VIP) [BORN ELECTRIC
1574.922448979,comment
1593.631927437,comment end
1775.026213151,Four Tet - ID
2177.567346938,Walls - I Can Only Give You Anything But Love [Ecstatic]
2420.262312925,Dave DK - Halma [KOMPAKT
2623.542857142,comment
2647.902040816,Jim O'Rourke - Despite The Water Supply [Touch]
2739.918367346,Throwing Snow - Lumen
3004.244172335,NHK yx Koyxen - 845 [Diagonal]
3271.575510204,Caribou - Mars (Head High Core Remix) [JIAOLONG
3445.942857142,comment
3479.640816326,Champion & Four Tet - Disparate [TEXT RECORDS
3721.012244897,crossfade
3736.293877551,Wen - Hailstones [Pretty Weird Records]
3969.436734693,Wonder feat. Kano - What Have You Done (Instrumental Mix) [Newera Music
4100.048979591,Davinche - Phaze [PAPERCHASE]
4248.555102040,comment
4255.673469387,Designer & Four Tet - Dark
4546.285714285,Tyondai Braxton - Amlochley [NONESUCH
4659.395918367,Koreless - TT [YOUNG TURKS]
4926.432653061,Delia Derbyshire & Barry Bermange - Running [Psychic Sounds]
4976.457142857,Roots Manuva - Facety 2:11 [BIG DADA]
5136.326530612,Rome Fortune - Leaders
5334.661224489,comment
5354.775510204,Thomas Scholz - Mimesis (Rampue Remix) [O*RS]
5695.297596371,Jamie 3:26 - Comin' On Strong [Partehardy Records
5869.453061224,crossfade
5878.595918367,Cool Creations Of St. Maarten - Wish Upon Love [Jay Records
6224.062403628,comment
6231.957188208,Hodges & James & Smith & Crawford - Nobody [Mpingo]
6429.512562358,KANDY - Love Me Tonight [Black Hawk Records
6662.400000000,comment
6670.628571428,Jean-Philippe Rykiel - Tao [Musiza
6833.893877551,Jamie XX feat. Romy - Loud Places [YOUNG TURKS]
7087.281632653,crossfade
7094.269387755,comment
7130.290793650,Jamie XX - Alba [YOUNG TURKS
