0,2015.05.02 - Essential Mix - Julio Bashmore
70.960181405,Leif - My Heart Stopped Beating [Idle Hands]
306.15510204,crossfade
328.359183673,Outboxx - Under The Lights [FUTUREBOOGIE]
614.922448979,JohNick - Open Your Eyes [HENRY STREET]
724.636734693,crossfade
740.440816326,Julio Bashmore feat. Sam Dew - Holding On [BROADWALK
989.779591836,The Martinez Brothers - Broke In The BX [OBJEKTIVITY
1252.855873015,Robert Hood pres. Floorplan - Funky Souls
1410.742857142,SSOL - Untitled A1 [SSOL
1589.942857142,DJ Vas - Wizard Funk [RAZOR-N-TAPE
1848.865668934,Lil' Louis - I'm Hot For You (Original No Offense Mix) [SPG
2062.171428571,Denis Sulta - A.A.S (Nite & Day Mix) [DIXON AVENUE BASEMENT JAMS
2284.146938775,Theo Parrish - Lake Shore Drive [KDJ]
2520.247437641,Disco Revisited - Gonna Roc U All Nite [INTANGIBLE RECORDS & SOUNDWORKS
2674.799455782,Orlando Voorn pres. Fix - Dr Technofunkenstein (Vocal) [RUSH HOUR
2941.910204081,John Swing - I'm Here [RELATIVE]
3101.257142857,crossfade
3109.844897959,Glenn Underground - Clap Yo Hands [RELIEF
3205.191836734,crossfade
3219.2,House Of Jazz - Hold Your Head Up [Urgent Music Works]
3375.542857142,Green Velvet - Conniption [RELIEF
3480.764081632,Jamie XX feat. Romy - Loud Places (Julio Bashmore Remix) [YOUNG TURKS
3604.897959183,comment
3627.493877551,Pearson Sound - Thaw Cycle [PEARSON SOUND]
3860.78185941,Four Tet - Back 2 The Start [FREE]
4227.703582766,Adina Howard - Freak Like Me (E-Smoove Freakin' House Mix) 
4476.435736961,BIDI - Rock [RELIEF
4725.093877551,KenLou - What a Sensation (Sensational Beats) [MAW
4830.693877551,Floorplan - Never Grow Old (Re-Plant) [M PLANT]
5174.79909297,Ralphi Rosario feat. Xavier Gold - You Used To Hold Me (Kenny Jason Remix) [HOT MIX 5
5263.638639455,Telex - Moskow Diskow [SSR
5404.27755102,comment
5423.281632653,Julio Bashmore - Bark [BROADWALK
5628.145487528,MMM aka Errorsmith & Fiedel - Jack 7 [MMM RECORDS
5870.497959183,Lil' Louis & The World - Club Lonely (Shield Re-Edit) [FFRR (PARLOPHONE)
6128.587755102,MMM aka Errorsmith & Fiedel - Nous Sommes MMM [MMM RECORDS
6345.273469387,Robert Hood - Minimal
6530.008526077,Sound Stream - Inferno [SOUNDSTREAM
6862.704036281,Tronco Traxx - Walk 4 Me [HENRY STREET
6909.515464852,Ptaki - Krystyna
7017.441814058,comment
7070.754829931,Seven Davis Jr. - My Birthday [NINJA
