0.000000000,2015.02.21 - Essential Mix - Redlight
142.106122448,Redlight - Gold Teeth [POLYDOR]
370.285714285,Redlight feat. Tinashe - Pretend [LOBSTER BOY
555.792834467,crossfade
601.861224489,New York Transit Authority & Paleman - Drones
787.992380952,Redlight feat. Lolo - Cure Me (New York Transit Authority Remix) [POLYDOR]
940.315283446,comment
952.157460317,Melé - Ambience [LOBSTER BOY
1193.644988662,DVA - Perxoflyf
1339.837823129,Redlight feat. Prodigy of Mobb Deep - Lion Jungle [LOBSTER BOY
1507.067936507,crossfade
1524.157823129,Paleman - Red Shoes
1755.242811791,comment
1775.119092970,DJ Q - Good Times
1849.144308390,crossfade
1880.073287981,Mak & Pasteman - Blue Suede [LOBSTER BOY
2094.997188208,Christian Piers - Onn
2301.654784580,crossfade
2319.859229024,Redlight - Inside [LOBSTER BOY]
2639.551564625,crossfade
2670.201904761,comment
2685.805714285,Freddie Norwood - How Low Can U Go [UNTZZ TWELVE INCH
2761.665306122,New York Transit Authority - Brooklyn Underground [LOBSTER BOY]
2916.048979591,Redlight feat. Roses Gabor - Metronome [LOBSTER BOY
3177.273469387,Dass - Ten Shins [UNTZZ TWELVE INCH
3375.995646258,crossfade
3422.249795918,Mary J. Blige - Therapy (Redlight Remix) [CAPITOL (EMI)
3637.777414965,Redlight - L.A. To Mexico
3945.441814058,Radio Slave - Don't Stop No Sleep [NONPLUS
4237.061224489,Conqueror - Highest Order [LOBSTER BOY
4421.355102040,Caribou - Mars [CITY SLANG]
4659.428571428,Redlight - Set Me 3 [POLYDOR]
4820.276825396,Rampa feat. Meggy - Everything (Flashmob DFTD Remix) [DFTD (DEFECTED)]
5028.699138321,crossfade
5057.677641723,Møme - Gang Gang (Alden Tyrell & Gerd Remix) [4 LUX
5281.518004535,Animal Youth - Airline [LOBSTER BOY]
5434.955464852,comment
5465.420045351,New York Transit Authority - Watching [LOBSTER BOY
5664.461496598,Redlight - 9TS (90's Baby) (Special) [POLYDOR
5912.915011337,Mella Dee - Words [LOBSTER BOY
6125.516916099,Mak & Pasteman - No Giving Dub [ANABATIC]
6250.997551020,crossfade
6279.325895691,Beesmunt Soundsystem - Amsterdam 808 [PETS]
6418.088344671,Round - Glass [HIVERN DISCS
6573.662040816,Animal Youth - Equinox (4AM Mix) [LOBSTER BOY
6821.651156462,Redlight - ID
6995.243537414,Animal Youth - Sixty Five Zero (Essential Mix Version
