0,2015.08.29 +AC0- Essential Mix +AC0- Rudimental
135.183673469,Rudimental feat. Will Heard +AC0- I Will For Love (Fryars Remix)+//0A4v/9AID//QCJAFs-ASYLUM (WARNER)
390.791836734,comment
396.01632653,Redlight feat. Melisa Whiskey +AC0- Threshold (Redlight Fast Flamingo Eddie Mix)+//0A4v/9AID//QCJAFs-LOBSTER BOY
542.824489795,crossfade
557.453061224,NVOY +AC0- All Night+//0A4v/9AID//QCJAFs-BLACK BUTTER
683.363265306,crossfade
702.302040816,KC Lights +AC0- No No No (KC Lights Dark Mix)+//0A4v/9AID//QCJAFs-CHEAP THRILLS
851.461224489,comment
866.089795918,CASAMENA +AC0- Dance Mutha (Main Mix)+//0A4v/9AID//QCJAFs-STRICTLY
977.110204081,SYV +AC0- Knockin+//0A4v/9AID//QCJAFs-BLACK BUTTER
1096.881632653,Motez +AC0- One 2+//0A4v/9AID//QCJAFs-SWEAT IT OUT+ACEAXQ-
1257.665306122,crossfade
1288.097959183,MF Hercules +AC0- Raindance+//0A4v/9AID//QCJAFs-CLASSIC MUSIC
1399.640816326,Rudimental feat. Mnek +AC0- Common Emotion+//0A4v/9AID//QCJAFs-ASYLUM (WARNER)
1641.534693877,crossfade
1676.669387755,Klaves +AC0- People+//0A4v/9AID//QCJAFs-BEAT CLUB (PMR)
1802.840816326,Gorgon City feat. Romans +AC0- Saving My Life (Terrace Dub)+//0A4v/9AID//QCJAFs-VIRGIN EMI (UNIVERSAL)
1972.897959183,crossfade
1991.053061224,KDA +AC0- Rumble (Shadow Child Re+AC0-Edit)+//0A4v/9AID//QCJAFs-MINISTRY OF SOUND
2031.804081632,comments
2084.702040816,Rudimental feat. Anne+AC0-Marie +ACY- Will Heard +AC0- Rumour Mill+//0A4v/9AID//QCJAFs-ASYLUM (WARNER)
2307.657142857,FREY +AC0- Sniffin'+//0A4v/9AID//QCJAFs-BUNNY TIGER
2451.461224489,KANT +AC0- Nightcall (Club Refix)+//0A4v/9AID//QCJAFs-BLACK BUTTER
2594.829931972,Kiwi +AC0- Short Tail+//0A4v/9AID//QCJAFs-BLASE BOYS CLUB (VIRGIN EMI)
2761.404081632,Bodhi +AC0- Brawd+//0A4v/9AID//QCJAFs-BLACK BUTTER
2859.102040816,crossfade
2888.620408163,Mel+//0Aw//9AKk- +AC0- Ambience+//0A4v/9AID//QCJAFs-LOBSTER BOY
3032.81632653,Dusky +AC0- Jilted+//0A4v/9AID//QCJAFs-17 STEPS
3173.331882086,Rudimental +AC0- Powerless (MK Remix)+//0A4v/9AID//QCJAFs-WARNER UK
3425.872108843,crossfade
3488.473106575,Tazer +ACY- Tink +AC0- Wet Dollars (Redlight Remix)+//0A4v/9AID//QCJAFs-BLACK BUTTER
3672.096507936,crossfade
3689.186394557,George Morel +AC0- Let's Groove (Morel's Groove Dub Mix)+//0A4v/9AID//QCJAFs-STRICTLY
3796.114285714,Soul II Soul +AC0- Pleasure Dome (Booker T Dub)+//0A4v/9AID//QCJAFs-ISLAND (UNIVERSAL)
3934.389115646,Doolally +AC0- Straight From The Heart (Crazy Bank Remix)
4061.518367346,New Horizons +AC0- Find The Path (In Your Mind)
4244.897959183,crossfade
4269.453061224,Nu+AC0-Birth +AC0- Anytime (Tuff +ACY- Jam Kick Dub)+//0A4v/9AID//QCJAFs-XL+AF0-
4331.914739229,comment
4355.320453514,Groove Chronicles +AC0- Stone Cold
4484.609160997,comment
4512.84462585,Rudimental +AC0- Intro 2014
4582.318730158,with Calyx +ACY- TeeBee +AC0- Skank+//0A4v/9AID//QCJAFs-RAM+AF0-
4604.145487528, 
4650.306757369,Cutty Ranks +AC0- Limb By Limb+//0A4v/9AID//QCJAFs-SUBURBAN BASE RECORDS+AF0- 
4673.526712018,Ed Solo +ACY- Stickybuds +AC0- Smoke The Weed+//0A4v/9AID//QCJAFs-JUNGLE CAKES+AF0-
4738.263945578,Camo +ACY- Krooked +AC0- All Night+//0A4v/9AID//QCJAFs-HOSPITAL
4791.066122448,crossfade
4802.954739229,Alex Adair +AC0- Make Me Feel Better (S.P.Y Remix)+//0A4v/9AID//QCJAFs-UNIVERSAL
4975.757641723,Wots My Code +AC0- Dubplate (Total Science Remix)+//0A4v/9AID//QCJAFs-C.I.A+AF0-
5013.281088435,comment
5025.448344671,Rudimental feat. Anne+AC0-Marie +ACY- Dizzee Rascal +AC0- Love Ain't Just A Word+//0A4v/9AID//QCJAFs-ASYLUM (WARNER)+AF0-
5255.325895691,Netsky +AC0- Rio+//0A4v/9AID//QCJAFs-SONY
5390.930430839,comment
5403.747845804,crossfade
5432.076190476,Dope Ammo +AC0- Warning (Serum Remix)+//0A4v/9AID//QCJAFs-DOPE AMMO+AF0-
5543.444897959,Toots +ACY- The Maytals +AC0- 54+AC0-56 Was My Number+//0A4v/9AID//QCJ-
5599.020408163,Serum +AC0- Rat Trap (VIP)+//0A4v/9AID//QCJAFs-PHILLY BLUNT
5834.318367346,Serial Killaz +ACY- Run Tingz feat. YT +ACY- K.Ners +AC0- Hustler (UK Jungle Remix)
5977.208163265,DJ Zinc +AC0- 174 Trek+//0A4v/9AID//QCJAFs-TRUE PLAYAZ+AF0-
6065.273469387,Rudimental +AC0- Never Let You Go+//0A4v/9AID//QCJAFs-ASYLUM (WARNER)
6240.032653061,comment
6299.265306122,comment
6311.444897959,Dr. Dre feat. Kendrick Lamar +ACY- Marsha Ambrosius +ACY- Candice Pillay +AC0- Genocide+//0A4v/9AID//QCJAFs-INTERSCOPE+AF0-
6441.795918367,with Noisia +AC0- Diplodocus+//0A4v/9AID//QCJAFs-QUARANTINE+AF0-
6489.6,Sister Nancy +AC0- Bam Bam
6599.053061224,High Contrast +AC0- Racing Green+//0A4v/9AID//QCJAFs-HOSPITAL
6885.61632653,DJ Marky +ACY- XRS feat. Stamina MC +AC0- LK+//0A4v/9AID//QCJAFs-V RECORDINGS
6931.330612244,comment
6943.346938775,Rudimental feat. Will Heard +AC0- I Will For Love+//0A4v/9AID//QCJAFs-ASYLUM (WARNER)
