0,2015.04.25 +AC0- Essential Mix +AC0- Claptone
68.359546485,Vangelis +AC0- Bicycle Riders (Harps Of The Ancient Temple
156.865306122,comment
166.269387755,The White Stripes +AC0- In The Cold... Cold Night (Claptone Remix)+//0A4v/9AID//QCJAFs-XL
334.088707482,Rampa +AC0- Wire+//0A4v/9AID//QCJAFs-KEINERECHTE
582.913741496,Metronomy +AC0- Loving Arm (Soul Clap Remix)+//0A4v/9AID//QCJAFs-BECAUSE MUSIC (ED BANGER)
723.069387755,New Point
742.889795918,Artenvielfalt feat. Mylene +AC0- How We Chill+//0A4v/9AID//QCJAFs-OFF REC.+AF0- with Moloko +AC0- The Time Is Now (Acappella)
930.84154195,Black Light Smoke +AC0- Lovework (DJ T. Remix)+//0A4v/9AID//QCJAFs-GET PHYSICAL+AF0-
1089.38739229,Loden In NY +AC0- The Magic Room (Dino Lenny Remix)+//0A4v/9AID//QCJAFs-FINE HUMAN+AF0- with Claptone +AC0- Night On Fire (Acappella)+//0A4v/9AID//QCJAFs-EXPLOITED+AF0-
1289.914920634,Metro Area +AC0- Miura+//0A4v/9AID//QCJAFs-ENVIRON with Claptone +AC0- Another Night (Acappella)+//0A4v/9AID//QCJAFs-EXPLOITED
1454.497959183,The Magician feat. Newtimers +AC0- When The Night Is Over (Claptone Remix)+//0A4v/9AID//QCJAFs-FREE/PARLOPHONE (WARNER)+AF0- with The Police +AC0- Roxanne (Acappella)
,
1662.889795918,Can +AC0- Vitamin C
1746.512108843,crossfade
1762.858956916,Nhan Solo +AC0- Tell You+//0A4v/9AID//QCJAFs-MOTHER+AF0-
1926.513197278,Claptone +AC0- Control+//0A4v/9AID//QCJAFs-FREE+AF0- with ason Jinx +AC0- Bring Back That Feeling (Acappella)
2019.657142857,Turntablerocker +AC0- Grow Up+//0A4v/9AID//QCJAFs-JEUDI+AF0- with Daft Punk +AC0- Too Long (Acappella)+//0A4v/9AID//QCJAFs-VIRGIN+AF0-
2276.205714285,Noel Nanton +AC0- Your Love (Ian Pooley Summertime Mix)+//0A4v/9AID//QCJAFs-HONCHOS
2425.730612244,Kenny Dixon Jr. +AC0- Don't You Want My Love+//0A4v/9AID//QCJAFs-INTANGIBLE RECORDS +ACY- SOUNDWORKS+AF0-
2574.117732426,Stefano Ritteri +AC0- The Partylife+//0A4v/9AID//QCJAFs-EXPLOITED+AF0-
2700.71292517,comment
2710.093786848,Mighty Dub Katz +AC0- Just Another Groove+//0A4v/9AID//QCJAFs-SOUTHERN FRIED
2849.436734693,Bagatelle +AC0- Clin D'Oeil+//0A4v/9AID//QCJAFs-FOLLOW ME+AF0-
3026.481632653,crossfade
3065.273469387,Claptone +AC0- Good To You+//0A4v/9AID//QCJAFs-EXPLOITED+AF0- with James Brown +AC0- Blind Man Can See It+//0A4v/9AID//QCJAFs-POLYDOR
,
3315.902403628,Earth People +AC0- Dance (Club Mix)+//0A4v/9AID//QCJAFs-CHAMPION+AF0-
3506.02739229,crossfade
3536.677732426,Justin Jay +AC0- Femme Fatale+//0A4v/9AID//QCJAFs-DIRTYBIRD
3663.27292517,comment
3693.273106575,Claptone +AC0- Cream+//0A4v/9AID//QCJAFs-EXPLOITED
3883.167346938,Claptone +AC0- The Music Got Me+//0A4v/9AID//QCJAFs-DIFFERENT (PIAS)
4139.493877551,Click Click +AC0- The Muzic Box+//0A4v/9AID//QCJAFs-EXPLOITED GHETTO+AF0-
4363.493877551,Doorly +AC0- I Want You To Dance+//0A4v/9AID//QCJAFs-TOOLROOM
4548.767346938,Claptone feat. Jaw +AC0- Secret Lover+//0A4v/9AID//QCJAFs-DIFFERENT (PIAS)
4737.240816326,Me +ACY- Her and David Keno +AC0- Walking Boots+//0A4v/9AID//QCJAFs-SUARA+AF0-
5004.669387755,Layo +ACY- Bushwacka+ACE- +AC0- Love Story+//0A4v/9AID//QCJAFs-XL
5145.861224489,Jack Penate +AC0- Tonight's Today+//0A4v/9AID//QCJAFs-XL
5296.065306122,Gregory Porter +AC0- Liquid Spirit (Claptone Remix)+//0A4v/9AID//QCJAFs-BLUE NOTE (UNIVERSAL)
5500.734693877,Tori Amos +AC0- Professional Widow (Armand Van Helden Star Trunk Funkin' Mix)+//0A4v/9AID//QCJAFs-ATLANTIC (WARNER)
5595.559183673,Claptone +AC0- 100.000 (Ladies +ACY- Gentlemen)+//0A4v/9AID//QCJAFs-FREE+AF0-
5702.820861678,Johnny Corporate +AC0- Sunday Shoutin+//0A4v/9AID//QCJAFs-DEFECTED
5827.929977324,Sirens Of Lesbos +AC0- Long Days Hot Nights (Claptone Remix)+//0A4v/9AID//QCJAFs-EXPLOITED
5990.922448979,crossfade
6013.126530612,Tom Trago +AC0- Use Me Again (Carl Craig Rework)+//0A4v/9AID//QCJAFs-RUSH HOUR
6102.922448979,comment
6116.440816326,Raumakustik +AC0- Raider+//0A4v/9AID//QCJAFs-HOTTRAX+AF0- with Claptone +AC0- Wrong (Pianopella)+//0A4v/9AID//QCJAFs-EXPLOITED
6356.310204081,The Chemical Brothers +AC0- Block Rockin Beats+//0A4v/9AID//QCJAFs-ASTRALWERKS (EMI) with Christian Lamper +AC0- Dog Chord+//0A4v/9AID//QCJAFs-SUB URBAN
6527.965170068,George Morel +AC0- Let's Groove (Claptone Remix)+//0A4v/9AID//QCJAFs-STRICTLY
6740.114285714,Jacob Korn +AC0- She+//0A4v/9AID//QCJAFs-UNCANNY VALLEY+AF0-
6963.722448979,Elderbrook +ACY- andhim +AC0- How Many Times+//0A4v/9AID//QCJAFs-BLACK BUTTER+AF0- with Claptone feat. Jaw +AC0- No Eyes (Acappella)+//0A4v/9AID//QCJAFs-SMASHED+AF0-
