0,2015.02.28 - Essential Mix - Max Cooper
181.487165532,A Winged Victory For The Sullen - Atomos VI?[ERASED TAPES
332.146938775,Max cooper - ID with Vaetxh - List Of Lists?[DETROIT UNDERGROUND
509.779591836,Lusine - Arterial?[GHOSTLY
699.756553287,Kimyan Law - Eclairage?[BLU MAR TEN
800.624036281,Fran Seven - At Least?[ATOMNATION]
1000.687165532,Isaac Delusion - Pandora's Box (Lusine Remix)
1221.183854875,Burial - Rough Sleeper?[HYPERDUB
1329.667482993,Gidge - Huldra?[ATOMNATION with Kiasmos - Looped?[ERASED TAPES
1637.842721088,Samu.l - Beach?[SURFACE NOISE
1708.988662131,Fennesz - Before I Leave?[MEGO
1747.812426303,comment
1766.016870748,Rob Clouth & Max Cooper - ID
2238.95510204,Tessela - C'mon
2308.179591836,JoeFarr - Tape 7 (Tessela Remix)?[DSNT]
2476.454603174,crossfade
2490.479455782,The Future Sound Of London - Papua New Guinea?[JUMPIN' & PUMPIN'
2725.279637188,Faib & Synkro - Inhale?[SMOKIN SESSIONS
2819.831292517,Nils Frahm - Peter (Max Cooper Remix)?[ERASED TAPES]
3189.307210884,Max Cooper & Tom Hodge - Teotihuacan Part 1?[QUOTIENT SERIES
3384.819229024,Rob Clouth - The Smallest Possible Space?[LEISURE SYSTEM]
3851.54031746,comment
3876.61786848,Alberto Ruiz & Hugo Bianco - Haze?[BE ONE
4080.396190476,Rrose - 23 Lashes?[EAUX]
4242.099954648,Dyad - From Another Place?[DYAD
4474.763900226,Pfirter - Supraventricular?[STROBOSCOPIC ARTEFACTS
4613.619229024,Rival Consoles - Haunt?[ERASED TAPES]
4789.97478458,Oneohtrix Point Never - Rush?[WARP
4927.04217687,Rob Clouth - Deep Field?[TRAUM
5122.902494331,JoeFarr - Mormon Shuffle?[LEISURE SYSTEM
5276.038095238,Satirist & Skew - ID
5480.605895691,comment
5505.102947845,Dorian Concept - The Sky Opposite (Tim Hecker Remix)?[NINJA
5656.264852607,Max Cooper & Tom Hodge - Remnants?[FIELDS
5830.530612244,Kimyan Law - Daimyo?[BLU MAR TEN] with Rival Consoles - Recovery?[WARP
6140.052607709,Boards Of Canada - Dayvan Cowboy?[WARP] with Rockwell - Full Circle?[SHOGUN]
6430.650340136,Cirrus - Shiver Shrapnel (Woulg Remix)?[TERRA NULL
6489.280725623,Vaetxh - List Of Lists?[DETROIT UNDERGROUND] with 
rebels (325),
,
6998.680090702,Nils Frahm - Them?[ERASED TAPES
