0.000000000,2015.08.15 - Essential Mix - Jose Padilla
159.010249433,Coconuts - Tarao Thunders
326.193922902,comment
375.977505668,Sonzeira - Southern Freeez [TALKIN LOUD
642.171065759,Il Guardiano Del Faro - Disco Divina [Cetra
879.571882086,José Padilla feat. Lydmor - Maybe The Sunset [INTERNATIONAL FEEL]José Padilla feat. Lydmor - Maybe The Sunset [INTERNATIONAL FEEL]
1209.806077097,Niccolo Cupo - Panta Relics I (Luv Jam Xylo Remix) [WE PLAY HOUSE
1505.396099773,Seahawks - Cruel
1996.173061224,comment
2061.931972789,Osmose - I Wouldn't Wanna B Like Disco [WHISKEY DISCO]
2447.940498866,José Padilla - On The Road [INTERNATIONAL FEEL]
2722.493242630,comment
2744.412879818,RSS Disco - Des Taxis Pour Les Galaxies [RSS Discovery]
3205.839818594,Max Berlin - Elle & Moi (Joakim Remix) [GET PHYSICAL
3548.734693877,ID
3838.955102040,comment
3857.763265306,Andras Fox - Your Life [NEEDWANT
4199.282358276,Jeremy - Spiritual Reality [Tonika]
4537.179138321,Transitive Elements - Octivation (Zone Dub) [UMM
4857.428752834,Redshape - In Trust We Space
5242.253061224,comment
5247.738775510,Ken Ishii - Can You Feel It 
5722.644897959,José Padilla - Day One [INTERNATIONAL FEEL]
6080.000000000,Chez Damier & Stacey Pullen - Forever Monna (Deep Mix) [BALANCE
6323.461224489,Rinder & Lewis - Lust [Pye International]
6579.853061224,comment
6588.865306122,Joe Claussell - Unchained Rhythums [Sacred Rhythm]
6914.351020408,Donald Fagen - The Nightfly (Jean Claude Gavri & Omri Anghel Re-Edit)
