time,
0,2015.09.05 +AC0- Essential Mix +AC0- Lee Burridge
91.393741496,Daso feat. Anouk Visee +AC0- James Fake+//0A4v/9AID//QCJAFs-ALL DAY I DREAM
451.134693877,crossfade
468.244897959,Clarian +AC0- Lucid Dreamers+//0A4v/9AID//QCJAFs-ANJUNADEEP
800.252517006,crossfade
867.125986394,Lauren Ritter +AC0- Lark+//0A4v/9AID//QCJAFs-ALL DAY I DREAM
1097.375056689,comment
1113.443265306,C.Vogt +AC0- Purple Hills
1392.848979591,Information Ghetto +AC0- Tron+//0A4v/9AID//QCJAFs-SEVEN VILLAS
1733.746938775,comment
1750.04154195,Butch +AC0- Shahrzad+//0A4v/9AID//QCJAFs-WATERGATE
2167.118367346,J.E.E.P. +AC0- Rockefeller's Punch+//0A4v/9AID//QCJAFs-COCKTAIL D'AMORE
2544.848979591,Booka Shade pres. YARUBA +AC0- Bakerson+//0A4v/9AID//QCJAFs-BLAUFIELD
2880.261224489,comment
2892.8,Rodriguez Jr. +AC0- Kenopsia+//0A4v/9AID//QCJAFs-MOBILEE
3237.093877551,Noraj Cue +AC0- Burning Eyes+//0A4v/9AID//QCJAFs-CONNAISSEUR
3648.783673469,comment
3670.726530612,Frankey +ACY- Sandrino +AC0- Acamar+//0A4v/9AID//QCJAFs-INNERVISIONS
4103.314285714,Lee Burridge +ACY- BP +AC0- Stand Up Right+//0A4v/9AID//QCJAFs-GET WEIRD
4442.255963718,Mirko Loko +AC0- Kolor (Carl Craig C2 Remix Part Two)+//0A4v/9AID//QCJAFs-CADENZA
5039.542857142,Rodriguez Jr. +AC0- Chrysalism+//0A4v/9AID//QCJAFs-MOBILEE
5399.846893424,comment
5423.624126984,Monkey Safari +AC0- Walls+//0A4v/9AID//QCJAFs-OVUM
5936.878004535,Masque +AC0- Viuda Blanca+//0A4v/9AID//QCJAFs-PURE SUBSTANCE
6246.725079365,comment
6263.814965986,andhim feat. Super Flu +AC0- Mr. Bass+//0A4v/9AID//QCJAFs-MONABERRY
6599.296870748,crossfade
6695.891882086,Seth Schwarz +ACY- Be Svendsen +AC0- The Bartender+//0A4v/9AID//QCJAFs-ALL DAY I DREAM
7161.405532879,Underground Sound Of Lisbon +AC0- So Get Up (The End Of The Earth Acappella)
