0,2015.07.31 - Essential Mix - Hot Since 82
81.92,Erik Hagleton - Pressure [TOOLROOM]
444.894331065,Pirupa - Can U Hear Me [SAVED
,
610.4061678,comment
621.551746031,with Danny Tenaglia feat. Celeda - Music Is The Answer (Acappella) [TWISTED AMERICA]
755.855963718,Matthias Tanzmann - Sleazy Rider [SAVED
1124.217324263,Leftwing & Kody - Carnival [KNEE DEEP IN SOUND
,
1404.900136054,comment
1411.401723356,System 2 - Home
,
1651.960453514,Caal - Azidhaus [BAUMHAUS
1801.125442176,comment
1819.701405895,crossfade
1827.31755102,Deelo - Mr House [SNATCH!]
2167.397006802,Christian Smith & Wehbba - Mutate (Kaiserdisco Remix) [TRONIC
2560.139319727,loop
2588.746303854,Hot Since 82 - Damage [TRUESOUL
2859.444535147,Hot Since 82 - Veins [TRUESOUL
3162.644897959,Sasse - 1983 (Dosem Remix) [MOODMUSIC]
3492.571428571,Massimo Di Lena - Delirious [LOVE LETTERS FROM OSLO]
3763.461224489,comment
3792.718367346, 
3845.273469387,Traumer - Hoodlum [DESOLAT
4179.591836734,crossfade
4538.514285714,The Mambo Brothers - Memento [ALL DAY I DREAM]
4951.967346938,crossfade
4966.595918367,Cristoph - Nause [NOIR]
5153.158095238,crossfade
5187.895147392,Matthias Meyer - Infinity [LIEBE*DETAIL]
,
5534.336870748,Jaceo - Haunting [BITTEN
5780.375510204,Jaymo & Andy George & Sidney Charles - Caution Your Blast [MODA BLACK
6111.120544217,comment
6121.058684807,Dennis Ferrer feat. Janelle Kroll - Mind Ur Step (André Hommen Remix) [OBJEKTIVITY]
6364.734693877,crossfade
6434.481632653,Cristoph feat. Jem Cooke - Slowly Burning (Dub Version) [BARGROOVES
6758.4,crossfade
6802.024489795,Murr feat. Rosina - Dive Into The Deepest (Maceo Plex Remix) [THOUGHTLESS]
,
7004.734693877,Hot Since 82 - Play The Room [SAVED
7378.808163265,comment
7403.624489795,wAFF - Call On The Space Invada'Z [NATURAL RHYTHM
7708.604081632,intro of song speech
7724.53877551,Bob Sinclar - Save Our Soul [YELLOW
7983.577687074,comment
7998.066938775,crossfade
8015.899863945,Oxia - Domino [KOMPAKT]
8391.50585034, 
8462.106122448,Tiger Rose - Girl Incredible (Gabriel Ananda & Tiger Rose Remix) [MANUAL]
8760.946938775,
8771.395918367,The Chain - Geo [R&S]
8942.236734693,comment
8962.089795918, 
9058.220408163,Dennis Ferrer & Jerome Sydenham - Sandcastles [DEFECTED
9445.87755102,G Club pres. Banda Sonara - Guitarra G [DEFECTED
9865.404081632,Âme - Rej [DEFECTED
10188.27755102,comment
10241.828571428,Gregor Tresher - A Thousand Nights (Dubfire Quiet Storm Remix) [GREAT STUFF]
10509.583673469,Tim Deluxe - Espoo's Rose [AT]
