0.000000000,2015.05.09 - Essential Mix - Scuba
139.296507936,South London Ordnance & Femme En Fourrure - Stretching Skin
440.250340136,crossfade
455.203990929,Kamera - SR [PHANTASY SOUND
590.236734693,crossfade
608.130612244,Vin Sol - Just Whisper [DELFT
817.899682539,Paul Woolford - Orbit [HOTFLUSH
1055.346938775,comment
1084.836281179,Andrew Bird - Still Early
1338.583945578,Cassegrain & Tin Man - Ether Ether [INFRASTRUCTURE NEW YORK
1550.367346938,Tallmen785 - Stead Fast Drum Work [RHYTHM NATION
1794.873469387,comment
1814.791836734,Scuba - Black On Black (Len Faki Goes Black Remix) [HOTFLUSH
2144.783673469,South London Ordnance - Asphalt Splash
2292.924081632,Scuba - Why You Feel So Low (Function Remix) [HOTFLUSH]
2492.987210884,comment
2504.829387755,Agoria & Nicolas Becker - Gravity
2716.920453514,crossfade
2746.734875283,Alan Fitzpatrick - U Said U [DRUMCODE
2929.243718820,Alex Niggemann - Stellar [AEON]
3152.805442176,Appleblim - Avebury [TEMPA]
3450.485260770,Scuba - Family Entertainment (Ø [Phase] Remix) [HOTFLUSH]
3681.384489795,comment
3704.975963718,Auden - Sewer System [HOTFLUSH]
3885.905850340,Atom TM - Riding The Void 
4080.721269841,Alan Fitzpatrick - Falling Down [HOTFLUSH
4386.089795918,comment
4399.934693877,Scuba - Drift (Mr. Tophat & Art Alfie Remix) [HOTFLUSH
4649.099319727,Scuba - PCP (Audion Remix) [HOTFLUSH
4940.649070294,John Osborn & Tallmen785 - Curfew
5231.548662131,comment
5248.195918367,Locked Groove - Horus
5428.375510204,Boddika & Joy Orbison - Severed Seven [SUNKLO
5639.183673469,Endian - Finish Me
5914.840816326,Pisetzky - Off The Map (Locked Groove Remix) [JUST THIS]
6177.175510204,Scuba - Transcience (Tuff City Kids Remix) [HOTFLUSH]
6344.434648526,Auden - Hunger [HOTFLUSH]
6538.924988662,Editions Haighton - Perfect Potion [Editions Haighton
6771.728253968,Bicep - Celeste [AUS]
6993.664580498,crossfade
7017.627573696,Graze - Colour EXP
