0,Special
161.610884353,Ghost Culture +AC0- Lucky
259.970612244,Breakbot +AC0- Back For More+//0A4v/9AID//QCJ-
376.349024943,SebastiAn +AC0- Arabest
491.891519274,crossfade
555.363265306,Trevor Jackson +AC0- RGBPM 3
619.363265306,Gesaffelstein +AC0- The Voice
729.6,comment
749.453061224,Paperclip People +AC0- Oscillator
797.518367346,Erol Alkan +AC0- A Hold On Love
935.183673469,crossfade
950.595918367,Teddy Pendergrass +AC0- You Can't Hide (Dimitri From Paris Disco Blend)+//0A4v/9AID//QCJ-
1041.740045351,Boston Bun feat. Mayer Hawthorne +AC0- Paris Groove+//0A4v/9AID//QCJ-
1177.6,Justice vs. Simian +AC0- We Are Your Friends (DJ Hell Bavarian Gigolo Mix)
1325.580770975,Tiga +AC0- Louder Than A Bomb+//0A4v/9AID//QCJAFs-DIFFERENT (PIAS)
1405.085895691,crossfade
1439.265668934,DJ Falcon +AC0- Together+//0A4v/9AID//QCJAFs-ROULE+AF0-
1566.32526077,comment
1581.929070294,Boys Noize +AC0- Donnastag
1704.530430839,Basement Jaxx +AC0- Same Old Show+//0A4v/9AID//QCJAFs-XL
1759.515283446,crossfade
1828.832653061,Motorbass +AC0- Flying Fingers
1975.739501133,Motorbass +AC0- Flying Fingers+//0A4v/9AID//QCJ-
2081.994013605,Riton +AC0- Lost In Sound feat. Spank Rock
2103.542131519,Joakim +AC0- Come Into My Kitchen (Basement Dub)+//0A4v/9AID//QCJ-
2189.322448979,crossfade
2235.297959183,DJ Mehdi +AC0- Pocket Piano (Brodinski Remix)
2351.804081632,Fulgeance +AC0- Gitem+//0A4v/9AID//QCJ-
2456.113922902,Para One +AC0- Wake Me Up
2538.405442176,comment
2568.498503401,Ode +AC0- Rummel
2817.567346938,Juliet Sikora +AC0- Larrys Garage+//0A4v/9AID//QCJAFs-KITTBALL+AF0-
3089.502040816,Shit Robot +AC0- Where It's At (Johnny Aux Remix)+//0A4v/9AID//QCJ-
3351.103854875,Basement Boys +AC0- God Help Those (Who Help Themselves)
3557.87755102,comment
3573.086621315,DJ W+ACE-ld +AC0- Love Every Day+//0A4v/9AID//QCJ-
3843.657142857,Romanthony pres. Lifestyles +AC0- Trust (Mia Dora Remix)+//0A4v/9AID//QCJAFs-GLASGOW UNDERGROUND
4028.755011337,Cajmere feat. Terence FM +AC0- Feelin' Kinda High+//0A4v/9AID//QCJ-
4243.330612244,comment
4261.093877551,Loco Dice +AC0- Carthago+//0A4v/9AID//QCJAFs-COCOON+AF0-
4360.359183673,Funky Green Dogs +AC0- High Up+//0A4v/9AID//QCJ-
4652.930612244,Larry Heard pres. Mr. White +AC0- The Sun Can't Compare+//0A4v/9AID//QCJ-
4807.575510204,comment
4828.473469387,Kerri Chandler +AC0- Back To The Raw (Dark Mix)
4952.293877551,Jovonn +AC0- Back To House (Ian Pooley New Dub)
5062.530612244,crossfade
5074.024489795,CLS +AC0- Can You Feel It
5141.942857142,DJ Sneak+AC0- Compute
5157.093877551,Perculator +AC0- Cajmere (Green Velvet remix)
5189.224489795,George Morel +AC0- Let's Groove
5263.673469387,MD X+AC0-Spress +AC0- God Made Me Phunky
5373.387755102,Club Style +AC0- Crazy Wild
5500.714376417,crossfade
5529.321360544,The African Dream +AC0- All The Same Family
5602.742857142,New Point
5607.711927437,crossfade / comments
5621.086621315,Pop Rocks +AC0- Purple Jelly +AC0- aka Gemini / Spencer Kincy
5637.804988662,crossfade
5743.316462585,
5760.034829931, crossfade todd edwards +AC0- can't you believe? 
5959.169160997,comment
5988.147664399,ROMANTHONY +AC0- LET ME SHOW YOU LOVE (GERD'S CROOKLYN FULL VOX REMIX) 
6098.024489795,Hardrive +AC0- Deep Inside
6171.167346938,crossfade
6207.73877551,Moodymann +AC0- U can dance if u want 2
6274.217505668,FIX +AC0- Players Anthem
6321.771972789,crossfade
6393.103673469,thomas bangalter +AC0- spinal beats
6436.199909297,comment
6453.289795918,New Point
