0,2015.01.24 +AC0- Essential Mix +AC0- Tale Of Us
99.395918367,Lake People +AC0- Distance?+AFs-PERMANENT VACATION+AF0-
315.689795918,crossfade
349.648979591,Woo York +AC0- Kadastre?+AFs-LIFE +ACY- DEATH+AF0-
727.640816326,Recondite +AC0- Serak?+AFs-LIFE +ACY- DEATH+AF0-
,
1079.510204081,Jessie Ware +AC0- Keep On Lying (Nina Kraviz Remix)?
,
1441.044897959,Plastikman +AC0- EXpand (Tale Of Us Remix)?+AFs-MUTE
1802.971428571,comment
1830.530612244,Locked Groove +AC0- Eleven?+AFs-LIFE +ACY- DEATH+AF0-
,
2189.583673469,Monoloc +AC0- Try Some?+AFs-LIFE +ACY- DEATH+AF0-
2397.126530612,buildup
2409.665306122,Barnt +AC0- Cherry Red (Tale of Us +ACY- Recondite Remix)?+AFs-MAGAZINE
2882.742857142,Scuba +AC0- Why You Feel So Low?+AFs-HOTFLUSH
,
3056.195918367,comment
3070.824489795,crossfade
3131.036734693,Mind Against +ACY- Locked Groove +AC0- Elysium?+AFs-HOTFLUSH
3500.408163265,comment
3539.853061224,Howling +AC0- Signs (R+//0A+A-dh+//0A5Q-d Remix)?+AFs-MONKEYTOWN+AF0-
,
3965.257142857,Slam +AC0- Convolute (Etapp Kyle Gamma Mix)?+AFs-SOMA
,
4199.235918367,Woo York +AC0- He And She?+AFs-LIFE +ACY- DEATH
4498.703673469,Luca Ballerini +AC0- Amore +ACY- Psiche?+AFs-INNERVISIONS
4887.614693877,Joey Anderson +AC0- 1974?+AFs-DEKMANTEL
,
5160.751020408,Recondite +AC0- Think Twice?+AFs-LIFE +ACY- DEATH
,
5475.683265306,comment
5501.805714285,Dream Weapons +AC0- Moonland (Barnt Remix)?+AFs-HOLGR
,
5986.220408163,Vermont +AC0- +//0A3A-bersprung (Mano Le Tough Remix)?+AFs-KOMPAKT
6372.414693877,Aera +AC0- You Know Juno (The Drifter Remix)?+AFs-MAEVE
,
6717.022040816,Stephan Bodzin +AC0- Singularity?+AFs-LIFE +ACY- DEATH
