0,Dice
144.9853968, Loco Dice +AC0- Pimp Jackson Is Talkin' Now+ACEAIQAh- (Acappella)+AF8-
174.4282993, Kodiak +AC0- Taargus (Bambounou Remix)+AF8AWw-UNEARTHED SOUNDS
435.2,Nicola Calbi +AC0- Variazioni Sonore
755.722449,Cozzy D +AC0- Shake That Acid (Lewis Boardman Temporary Psychosis Remix)
1144.279365,Loco Dice feat. Giggs +AC0- Get Comfy (Underground Sound Suicide)+AF8-
1373.135238,Basement Jaxx +AC0- Love Is At Your Side (Luciano Remix)
1866.884354, Francisco Allendes +AC0- Bad Morning
2295.246077,Premiesku +AC0- Vreju+AF8AWw-DESOLAT
2697.229932,Sons Of Tiki +AC0- Three+AC0-Man Attack+AF8-
2818.716735, crossfade
2855.497143, d'Kawa +AC0- Kurokin (DJ Deeon Mix 2)+AF8-
3159.02839,Leano +AC0- Stubba (Adapter Remix)+AF8AWw-Illogic Music+AF0-
3408.317823,crossfade
3491.538141,comment
3519.402086, Seven Davis Jr. +AC0- Beautiful (Krystal Klear Remix)+AF8-
3780.702041,Nikola Gala +AC0- Exciter B+AF8AWw-ADMAIORA+AF0-
4067.657143,crossfade
4099.395918,Jack Dixon +AC0- Heirloom (Skudge Remix)+AF8-
4435.591837,Loco Dice feat. Chris Liebing +AC0- Keep It Low (Chris Liebing Version) 
4800.772063, NYMA +AC0- Spinner+AF8AWw-IT'S ALL IN YOU+AF0-
5089.628299,Loco Dice feat. Just Blaze +AC0- Sending This One Out+AF8-
5390.889796,comment
5400.032653,Bimas +AC0- It Wasn't Me+AF8-
5681.110204,Loco Dice +AC0- Like In The Movies... Yeah I Want Sum+ACEAXw-
6147.900952, Gary Martin +AC0- Well (Robert Hood Remix)
6504.745215,Mr. Tophat +ACY- Art Alfie +AC0- Crab At The Green Hunter (Loco Dice Remix)+AF8AWw-KARLOVAK+AF0-
6887.038549,James Morris feat. Davey +AC0- Shadows (Reset Safari Lost In '82 Remix)+AF8AWw-NURVOUS+AF0-
