0.000000000,2015.07.30 - Essential Mix - Miss Kittin Live from Enter @ Space in Ibiza
96.914285714,Chez Damier & Stacey Pullen - Forever Monna [BALANCE
202.840816326,crossfade
278.465306122,Will Clarke - Badness [DIRTYBIRD]
503.640816326,Matrixxman - Case Closed
747.102040816,crossfade
836.963265306,Gene Farris - You Make Me Wanna Do It [VIVA LIMITED]
1023.535600907,Phil Kieran - Going There [HOTFLUSH]
1239.016780045,Geeeman - Bang't 1234 (Catz 'N Dogz Edit) 
1492.764444444,Breach & Oliver Dollar - Watch Me Work [DIRTYBIRD
1624.653786848,comment
1744.457142857,Loco Dice feat. Giggs - Get Comfy (Underground Sound Suicide) [ULTRA
1993.665306122,New Point
2075.167346938,2020 Soundsystem - Broken (Makam Remix) [2020VISION
2505.525986394,SanXero feat. Mr. V & Louie Vega - Let's Freak (Francis Kasilbante Bootleg) [STRICTLY
2778.964172335,Crackazat - Silent Sing (Tiger Stripes Remix) [LOCAL TALK
2903.248979591,crossfade
2952.097959183,Logic - The Warning (Richy Ahmed Remix) [DEFECTED
3378.155102040,Brame & Hamo - Parish Rumors [HEIST
3563.102040816,crossfade
3591.848344671,Green Velvet & Weiss - Forbidden Fruit [RELIEF]
3822.190294784,TWR72 - Future Tool [BAD LIFE]
4154.514285714,ID
4357.735328798,The Chameleon Project - Feel [GUERILLA
4752.846077097,Radio Slave - The Clone Wars [REKIDS
4958.302040816,Steve Lawler - House Record [HOT CREATIONS
5248.000000000,Riva Starr feat. Dajae - The Loft [CAJUAL
5592.108117913,Lazaro Casanova - Pop That Pu$$y
6001.522358276,Geeeman - Wanna Go Bang [AUS
6152.730702947,DJ Dodger Stadium - Memory Lane [BODY HIGH
6418.366984126,Morgan Geist - Detroit C2rmx1 By Carl Craig
6698.840816326,Dubfire feat. Miss Kittin - Ride [SCI+TEC
7032.116825396,Joe Smooth - Promised Land [ZYX
