0,2015.01.31 +AC0- Essential Mix +AC0- Joris Voorn
144.706757369,Hans Zimmer +AC0- S.T.A.Y. (Interstellar OST)
179.815328798,Lake People +AC0- Distance?+AFs-PERMANENT VACATION
246.282448979,Synkro +AC0- Transient?+AFs-APOLLO (PROTON)
347.533061224,crossfade
361.952653061,Monsoonsiren +AC0- Sullen Fables?+AFs-PROJECT MOONCIRCLE
586.501224489,Christian L+//0A9g-ffler +AC0- Slowlight?+AFs-KI
754.102857142,comment
764.447346938,Joris Voorn +AC0- The Wild (Vinyl Dub)?+AFs-GREEN
1080.424489795,Frankey +ACY- Sandrino +AC0- Starchild?+AFs-DRUMPOET
1321.795918367,crossfade
1378.638367346,Fanclive +AC0- Ngoma Lungundu?+AFs-AFRO REBEL
1552.114648526,crossfade
1568.089977324,Clap+ACE- Clap+ACE- +AC0- Ashiko (Lurka Obeah Remix
1739.546122448,Synkro +AC0- Someone?+AFs-APOLLO (PROTON)
1801.218321995,comment
1862.797641723,TEED +ACY- Anna Lunoe +AC0- Feels Like (Radio Slave Last Communication Remix)?+AFs-NICE AGE+AF0-
1970.352471655,Tripio X +AC0- Karmalala?+AFs-SURUBA X
2230.787482993,Mr. Tophat +ACY- Art Alfie +AC0- The Glitch?+AFs-KARLOVAK
2392.212607709,AsTIN +AC0- Dejected (Paul C +ACY- Paolo Martini Remix)?+AFs-SNATCH+ACE-
2569.520181405,Akufen +AC0- Installation
2760.10956916,HearThuG +AC0- Y+//0A/A-th?+AFs-SINCOPAT
2988.129523809,comment
2998.62494331,Kevin Yost +AC0- Flight Plan?+AFs-I+ACE- RECORDS
3168.502131519,Joran Van Pol +AC0- Strayed?+AFs-REJECTED+AF0-
3332.527891156,with Joris Voorn feat. Bram Stadhouders +IBM- Dust?+AFs-GREEN+AF0-
,
3456.336689342,Vladislav Delay +AC0- Viimeinen
,
3495.067573696,comment
3520.702403628,Kurt Baggaley +AC0- Former Self?+AFs-SOHASO
3721.322811791,Butch +ACY- Hohberg +AC0- Thai Cubensis?+AFs-OTHERSIDE MUSIC
3958.352108843,DJ Christopher +AC0- Good To Me (Ronan Portela Dubreak Mix)
4026.433015873,Floating Points +AC0- Nectarines?+AFs-EGLO
4228.07510204,DJ Oats +AC0- Night Amour?+AFs-OPEN BAR
4494.082902494,crossfade
4501.699047619,Beacon +AC0- Fault Lines (Dauwd Remix)?+AFs-GHOSTLY
4743.558095238,Barnt +AC0- Cherry Red?+AFs-MAGAZINE
,
4894.67356009,Emika +AC0- Melancholia Euphoria B?+AFs-EMIKA
+AOc-,
5164.675192743,Steve Hauschildt +AC0- Watertowers
,
5325.078639455,Nils Penner +AC0- State Of Mind
5490.961995464,comment
5525.048888888,Re+AC0-UP +AC0- Dark Tunnel?+AFs-DISSONANT+AF0- with AviciiGreece (24k)
,
,
5635.761632653,Anton Pieete +AC0- Galician?+AFs-REJECTED
5816.877278911,Marino Canal +AC0- Can't Feel?+AFs-MOOD+AF0-
,
5937.621043083,Tata Box Inhibitors +AC0- Ribosomal (One Take Mix)?+AFs-TOUCHE+AF0-
6088.829387755,Reggy Van Oers +AC0- Mavie?+AFs-GREEN+AF0-
6300.409614512,Julien Aubert +AC0- Blind
6599.947029478,Paul Kalkbrenner +AC0- Jestr+//0A/A-pp (Joris Voorn Remains)
,
6630.504489795,Son Kite +AC0- Chihiro 61298
6717.844897959,Manu Delago +AC0- Adventures
,
6749.844897959,Maurice Ravel +AC0- Le Jardin F+//0A6Q-erique (Lent et Grave)
6818.864761904,Thisquietarmy +AC0- In The Breathing Forest
7052.434285714,Angelo Badalamenti +AC0- Mulholland Drive
